Feature_ID	English	Language_ID	Language name (-dialect)	Family	Region	Value	Alignment	Cognate Set	Source
0.0	sky	adon1237	Lamaholot-Adonara	Austronesian	Adonara	ˈkɜlɜ		nan	
1.0	sun	adon1237	Lamaholot-Adonara	Austronesian	Adonara	ˈrɜra		a	
2.0	moon	adon1237	Lamaholot-Adonara	Austronesian	Adonara	ˈwulɑ̃		m	
3.0	star	adon1237	Lamaholot-Adonara	Austronesian	Adonara	ʔetɜp		3	
4.0	night	adon1237	Lamaholot-Adonara	Austronesian	Adonara	ˈrɜmaʔ		b	
5.0	day	adon1237	Lamaholot-Adonara	Austronesian	Adonara	rɜ' rɔ̃		n	
6.0	year	adon1237	Lamaholot-Adonara	Austronesian	Adonara	tũː		1	
7.0	morning	adon1237	Lamaholot-Adonara	Austronesian	Adonara	ɡ(ə)'hula, hə'ɡula		b	
8.0	yesterday	adon1237	Lamaholot-Adonara	Austronesian	Adonara	ˈwia		b	
9.0	day before yesterday	adon1237	Lamaholot-Adonara	Austronesian	Adonara	ʔɜrɜ rua 'ʔi		[abc]	
10.0	tomorrow	adon1237	Lamaholot-Adonara	Austronesian	Adonara	ˈbauk		5	
11.0	day after tomorrow	adon1237	Lamaholot-Adonara	Austronesian	Adonara	ʔɜrɜ 'rua		[cb]	
12.0	twilight; dawn	adon1237	Lamaholot-Adonara	Austronesian	Adonara	ʔekã 'dahe		nan	
13.0	cloud	adon1237	Lamaholot-Adonara	Austronesian	Adonara	ˈkɔːwa		y	
14.0	wind	adon1237	Lamaholot-Adonara	Austronesian	Adonara	ˈʔaŋĩ		a	
15.0	rain	adon1237	Lamaholot-Adonara	Austronesian	Adonara	ˈʔurɑŋ		a	
16.0	drizzle	adon1237	Lamaholot-Adonara	Austronesian	Adonara	ɡri'ʔɛna		b	
17.0	rainbow	adon1237	Lamaholot-Adonara	Austronesian	Adonara	ˈpatũ		x	
18.0	thunder	adon1237	Lamaholot-Adonara	Austronesian	Adonara	kɜ'lɜka		1	
19.0	lightning	adon1237	Lamaholot-Adonara	Austronesian	Adonara	kɜ'hilat		x	
20.0	earthquake	adon1237	Lamaholot-Adonara	Austronesian	Adonara	'brero		x	
21.0	fog	adon1237	Lamaholot-Adonara	Austronesian	Adonara	'kowa koː(k)		x	
22.0	river; stream	adon1237	Lamaholot-Adonara	Austronesian	Adonara	'suŋe		nan	
23.0	ice	adon1237	Lamaholot-Adonara	Austronesian	Adonara	x		nan	
24.0	snow	adon1237	Lamaholot-Adonara	Austronesian	Adonara	x		nan	
25.0	lake	adon1237	Lamaholot-Adonara	Austronesian	Adonara	'liwo		q	
26.0	mountain	adon1237	Lamaholot-Adonara	Austronesian	Adonara	'ʔile		m	
27.0	hill; ridge	adon1237	Lamaholot-Adonara	Austronesian	Adonara	'woka		nan	
28.0	village	adon1237	Lamaholot-Adonara	Austronesian	Adonara	lɜ'wɔː		b	
29.0	land; soil	adon1237	Lamaholot-Adonara	Austronesian	Adonara	'tana		nan	
30.0	Earth	adon1237	Lamaholot-Adonara	Austronesian	Adonara	tana 'ʔekã		nan	
31.0	hole	adon1237	Lamaholot-Adonara	Austronesian	Adonara	'rɔɑ̃		o	
32.0	stone	adon1237	Lamaholot-Adonara	Austronesian	Adonara	'watɔ		m	
33.0	coral (rock)	adon1237	Lamaholot-Adonara	Austronesian	Adonara	'ʔaʔɔ		m	
34.0	(coral) reef	adon1237	Lamaholot-Adonara	Austronesian	Adonara	'rubu		1	
35.0	water (fresh)	adon1237	Lamaholot-Adonara	Austronesian	Adonara	'wɑi		m	
36.0	sea; sea water	adon1237	Lamaholot-Adonara	Austronesian	Adonara	'lewaʔ		nan	
37.0	wave	adon1237	Lamaholot-Adonara	Austronesian	Adonara	mɜ'naʔlũː		n	
38.0	foam	adon1237	Lamaholot-Adonara	Austronesian	Adonara	'wurhã		4	
39.0	forest	adon1237	Lamaholot-Adonara	Austronesian	Adonara	'ruːkʔãː		y	
40.0	field	adon1237	Lamaholot-Adonara	Austronesian	Adonara	'nɜphã		n	
41.0	island	adon1237	Lamaholot-Adonara	Austronesian	Adonara	'nuha		nan	
42.0	rice field	adon1237	Lamaholot-Adonara	Austronesian	Adonara	'mãː		2	
43.0	garden	adon1237	Lamaholot-Adonara	Austronesian	Adonara	'mãː		n	
44.0	fence	adon1237	Lamaholot-Adonara	Austronesian	Adonara	'niha		1	
45.0	road; path; way	adon1237	Lamaholot-Adonara	Austronesian	Adonara	'rarã		nan	
46.0	canoe	adon1237	Lamaholot-Adonara	Austronesian	Adonara	'tɛna		m	
47.0	sail (n.)	adon1237	Lamaholot-Adonara	Austronesian	Adonara	'lajaʔ		m	
48.0	to sail	adon1237	Lamaholot-Adonara	Austronesian	Adonara	'buaː		b	
49.0	fishing hook	adon1237	Lamaholot-Adonara	Austronesian	Adonara	'kawiː		1	
50.0	fish trap	adon1237	Lamaholot-Adonara	Austronesian	Adonara	'namaʔ		n	
51.0	rope	adon1237	Lamaholot-Adonara	Austronesian	Adonara	'talɛʔ		2	
52.0	machete	adon1237	Lamaholot-Adonara	Austronesian	Adonara	'pɛda		1	
53.0	axe	adon1237	Lamaholot-Adonara	Austronesian	Adonara	soru 'kɑpa		[ab]	
54.0	spear	adon1237	Lamaholot-Adonara	Austronesian	Adonara	'ɡalaʔ		n	
55.0	burden stick	adon1237	Lamaholot-Adonara	Austronesian	Adonara	bə'lebaʔ		4	
56.0	stick; pole	adon1237	Lamaholot-Adonara	Austronesian	Adonara	brɜ'dɔ̃		nan	
57.0	digging stick	adon1237	Lamaholot-Adonara	Austronesian	Adonara	nu'bɑk		x	
59.0	bow	adon1237	Lamaholot-Adonara	Austronesian	Adonara	'wuhuʔ		m	
60.0	arrow	adon1237	Lamaholot-Adonara	Austronesian	Adonara	'ʔamɜt		n	
61.0	knife	adon1237	Lamaholot-Adonara	Austronesian	Adonara	'hɛpɛʔ		m	
62.0	comb	adon1237	Lamaholot-Adonara	Austronesian	Adonara	ki'riʔ		1	
63.0	mat	adon1237	Lamaholot-Adonara	Austronesian	Adonara	ˈʔɔhãː		m	
64.0	needle	adon1237	Lamaholot-Adonara	Austronesian	Adonara	ˈluhi		m	
65.0	clothing	adon1237	Lamaholot-Adonara	Austronesian	Adonara	aleˈlolo		n	
67.0	fire	adon1237	Lamaholot-Adonara	Austronesian	Adonara	ˈʔape		m	
68.0	smoke	adon1237	Lamaholot-Adonara	Austronesian	Adonara	ˈnuhũ		m	
70.0	dust; fine earth	adon1237	Lamaholot-Adonara	Austronesian	Adonara	ʔɜˈmut		nan	
71.0	fireplace ash	adon1237	Lamaholot-Adonara	Austronesian	Adonara	kɜˈʔawuk		nan	
72.0	mud	adon1237	Lamaholot-Adonara	Austronesian	Adonara	ˈwalã		n	
73.0	clay	adon1237	Lamaholot-Adonara	Austronesian	Adonara	x		nan	
74.0	gravel	adon1237	Lamaholot-Adonara	Austronesian	Adonara	kəˈlɛkɛk, kəˈlɛhɛk		n	
75.0	sand	adon1237	Lamaholot-Adonara	Austronesian	Adonara	ˈwɜra		n	
76.0	grass; brush	adon1237	Lamaholot-Adonara	Austronesian	Adonara	kəˈdəku		nan	
77.0	house	adon1237	Lamaholot-Adonara	Austronesian	Adonara	ˈlaŋɔ		n	
78.0	traditional house	adon1237	Lamaholot-Adonara	Austronesian	Adonara	laŋɔ ˈbɛʔlẽ		m	
79.0	barn; storage house	adon1237	Lamaholot-Adonara	Austronesian	Adonara	ˈɡudã		nan	
80.0	raised platform	adon1237	Lamaholot-Adonara	Austronesian	Adonara	kɜˈnatã		o	
81.0	door	adon1237	Lamaholot-Adonara	Austronesian	Adonara	ˈpita		o	
82.0	(thatch) roof	adon1237	Lamaholot-Adonara	Austronesian	Adonara	ˈnakɜ		2	
83.0	roof thatch	adon1237	Lamaholot-Adonara	Austronesian	Adonara	ˈluʔo		5	
84.0	tree	adon1237	Lamaholot-Adonara	Austronesian	Adonara	ˈkajo		o	
85.0	wood	adon1237	Lamaholot-Adonara	Austronesian	Adonara	ˈkajo		8	
86.0	bark (of tree)	adon1237	Lamaholot-Adonara	Austronesian	Adonara	kajo ˈkaʔmã		[op]	
87.0	leaf	adon1237	Lamaholot-Adonara	Austronesian	Adonara	ˈlolõ		o	
88.0	branch	adon1237	Lamaholot-Adonara	Austronesian	Adonara	ˈwikʔĩ		o	
89.0	firewood	adon1237	Lamaholot-Adonara	Austronesian	Adonara	kajo ˈʔape		m	
90.0	rattan	adon1237	Lamaholot-Adonara	Austronesian	Adonara	ˈʔua		m	
91.0	root	adon1237	Lamaholot-Adonara	Austronesian	Adonara	ˈʔamut		1	
92.0	fruit	adon1237	Lamaholot-Adonara	Austronesian	Adonara	kajo ˈwuã		n	
93.0	seed	adon1237	Lamaholot-Adonara	Austronesian	Adonara	ˈkulʔũ		h	
94.0	grain; cereal	adon1237	Lamaholot-Adonara	Austronesian	Adonara	ˈwahaʔ		nan	
96.0	husked rice; uncooked rice	adon1237	Lamaholot-Adonara	Austronesian	Adonara	ˈwahaʔ		nan	
97.0	rice grains (unhusked) (raw from field)	adon1237	Lamaholot-Adonara	Austronesian	Adonara	ˈwahaʔ		7	
98.0	cooked rice	adon1237	Lamaholot-Adonara	Austronesian	Adonara	wata mɜˈnihũ		m	
99.0	rice plant	adon1237	Lamaholot-Adonara	Austronesian	Adonara	ˈwahaʔ		o	
100.0	to plant (yam)	adon1237	Lamaholot-Adonara	Austronesian	Adonara	ˈpahaʔ		n	
101.0	to plant (rice)	adon1237	Lamaholot-Adonara	Austronesian	Adonara	ˈtubak, ˈmula		n	
102.0	betel nut; areca	adon1237	Lamaholot-Adonara	Austronesian	Adonara	ˈwuaʔ		nan	
103.0	betel vine	adon1237	Lamaholot-Adonara	Austronesian	Adonara	ˈmaluʔ		2	
104.0	lime	adon1237	Lamaholot-Adonara	Austronesian	Adonara	ˈʔapuʔ		m	
105.0	chew betel	adon1237	Lamaholot-Adonara	Austronesian	Adonara	ɡãːˈwuaʔ		[m2]	
106.0	sweet potato	adon1237	Lamaholot-Adonara	Austronesian	Adonara	kəˈwoit		q	
107.0	cassava	adon1237	Lamaholot-Adonara	Austronesian	Adonara	uwe ˈkaju		[op]	
108.0	taro	adon1237	Lamaholot-Adonara	Austronesian	Adonara	kəˈlɑdi		n	
109.0	sago	adon1237	Lamaholot-Adonara	Austronesian	Adonara	x		*	
110.0	millet	adon1237	Lamaholot-Adonara	Austronesian	Adonara	x		*	
111.0	sugarcane	adon1237	Lamaholot-Adonara	Austronesian	Adonara	ˈtɜwɔ		2	
112.0	corn; maize	adon1237	Lamaholot-Adonara	Austronesian	Adonara	ˈwataʔ		nan	
113.0	cooked corn	adon1237	Lamaholot-Adonara	Austronesian	Adonara	wataʔ ˈmalune		[1o]	
114.0	coconut	adon1237	Lamaholot-Adonara	Austronesian	Adonara	ˈtapo		3	
115.0	gwang	adon1237	Lamaholot-Adonara	Austronesian	Adonara	x		*	
116.0	lontar palm	adon1237	Lamaholot-Adonara	Austronesian	Adonara	ˈtuak		1	
117.0	sugar palm	adon1237	Lamaholot-Adonara	Austronesian	Adonara	ˈpolaʔ		4	
118.0	marungga	adon1237	Lamaholot-Adonara	Austronesian	Adonara	ˈmotõ		2	
119.0	gum tree; eucalyptus	adon1237	Lamaholot-Adonara	Austronesian	Adonara	x		nan	
120.0	bamboo	adon1237	Lamaholot-Adonara	Austronesian	Adonara	pɜˈrĩ		2	
121.0	banana	adon1237	Lamaholot-Adonara	Austronesian	Adonara	ˈmuko		1	
122.0	mango	adon1237	Lamaholot-Adonara	Austronesian	Adonara	ˈpau		1	
123.0	papaya	adon1237	Lamaholot-Adonara	Austronesian	Adonara	paˈjã		m	
124.0	jackfruit	adon1237	Lamaholot-Adonara	Austronesian	Adonara	ˈkwɛrak		1	
125.0	breadfruit	adon1237	Lamaholot-Adonara	Austronesian	Adonara	tuˈnũ		o	
126.0	bean	adon1237	Lamaholot-Adonara	Austronesian	Adonara	ˈʔutã		6	
127.0	honey	adon1237	Lamaholot-Adonara	Austronesian	Adonara	waˈneʔ		2	
128.0	milk	adon1237	Lamaholot-Adonara	Austronesian	Adonara	ˈtuhɔ		6	
129.0	salt	adon1237	Lamaholot-Adonara	Austronesian	Adonara	ˈsiʔa		1	
130.0	fat	adon1237	Lamaholot-Adonara	Austronesian	Adonara	ˈkahare		r	
131.0	flesh; meat	adon1237	Lamaholot-Adonara	Austronesian	Adonara	ˈʔumɜ̃		nan	
132.0	bone	adon1237	Lamaholot-Adonara	Austronesian	Adonara	ˈriʔũː		m	
133.0	rib	adon1237	Lamaholot-Adonara	Austronesian	Adonara	kɜˈnawaˈne		5	
134.0	sweat	adon1237	Lamaholot-Adonara	Austronesian	Adonara	ˈʔɜwũ		m	
135.0	tear	adon1237	Lamaholot-Adonara	Austronesian	Adonara	ˈlõː		m	
136.0	blood	adon1237	Lamaholot-Adonara	Austronesian	Adonara	mei		3	
138.0	heart	adon1237	Lamaholot-Adonara	Austronesian	Adonara	ˈpuho		q	
139.0	liver	adon1237	Lamaholot-Adonara	Austronesian	Adonara	ˈmehi		q	
140.0	kidney	adon1237	Lamaholot-Adonara	Austronesian	Adonara	ˈwuak		n	
141.0	guts	adon1237	Lamaholot-Adonara	Austronesian	Adonara	kɜˈbotĩ		s	
142.0	excrement	adon1237	Lamaholot-Adonara	Austronesian	Adonara	tae		m	
143.0	lungs	adon1237	Lamaholot-Adonara	Austronesian	Adonara	ˈwurhã		n	
144.0	stomach; belly	adon1237	Lamaholot-Adonara	Austronesian	Adonara	taĩ, taim		nan	
145.0	head	adon1237	Lamaholot-Adonara	Austronesian	Adonara	ˈkotɜk, kotɜm		3	
146.0	hair	adon1237	Lamaholot-Adonara	Austronesian	Adonara	ˈrataʔ		c	
147.0	body hair	adon1237	Lamaholot-Adonara	Austronesian	Adonara	ˈrawuˈkɜt		n	
148.0	eye	adon1237	Lamaholot-Adonara	Austronesian	Adonara	ˈmatak, matak3t		m	
149.0	ear	adon1237	Lamaholot-Adonara	Austronesian	Adonara	ˈtiluˈk3t		m	
150.0	nose	adon1237	Lamaholot-Adonara	Austronesian	Adonara	ˈiruˈn3t		n	
151.0	mouth	adon1237	Lamaholot-Adonara	Austronesian	Adonara	ˈw3waˈk3t		n	
152.0	chin	adon1237	Lamaholot-Adonara	Austronesian	Adonara	ˈsaroˈn3t		m	
153.0	lips	adon1237	Lamaholot-Adonara	Austronesian	Adonara	ˈnuhuˈk3t		b	
154.0	teeth	adon1237	Lamaholot-Adonara	Austronesian	Adonara	ˈip3ʔ		b	
155.0	tongue	adon1237	Lamaholot-Adonara	Austronesian	Adonara	ˈɜwɜˈrɜt		b	
156.0	neck	adon1237	Lamaholot-Adonara	Austronesian	Adonara	ˈwuliˈkɜt		o	
157.0	shoulder	adon1237	Lamaholot-Adonara	Austronesian	Adonara	ˈhanaˈnɜt		m	
158.0	body	adon1237	Lamaholot-Adonara	Austronesian	Adonara	ˈwɜkiˈkɜt		m	
159.0	forehead	adon1237	Lamaholot-Adonara	Austronesian	Adonara	kɜˈniːtoˈkɜt		n	
160.0	nostril	adon1237	Lamaholot-Adonara	Austronesian	Adonara	iruˈnɜt kɜˈlɜŋũ		m	
161.0	mucus	adon1237	Lamaholot-Adonara	Austronesian	Adonara	ˈehuˈkɜt		o	
162.0	cheek	adon1237	Lamaholot-Adonara	Austronesian	Adonara	ˈpipiˈkɜt		m	
163.0	arm	adon1237	Lamaholot-Adonara	Austronesian	Adonara	ˈlimaˈkɜt		m	
164.0	hand	adon1237	Lamaholot-Adonara	Austronesian	Adonara	ˈnaiʔjũ		3	
165.0	palm of hand	adon1237	Lamaholot-Adonara	Austronesian	Adonara	ˈlimakɜt ˈʔonʔeʔ		[mo]	
166.0	finger	adon1237	Lamaholot-Adonara	Austronesian	Adonara	ˈlimakɜt ˈʔaːnʔa		[no]	
167.0	fingernail	adon1237	Lamaholot-Adonara	Austronesian	Adonara	kɜˈmukurɜt		o	
168.0	breast	adon1237	Lamaholot-Adonara	Austronesian	Adonara	ˈtuho		2	
169.0	chest	adon1237	Lamaholot-Adonara	Austronesian	Adonara	ˈobaˈkɜt		o	
170.0	navel	adon1237	Lamaholot-Adonara	Austronesian	Adonara	kɜˈpuhuˈrɜt		3	
171.0	penis	adon1237	Lamaholot-Adonara	Austronesian	Adonara	ˈute		m	
172.0	vagina	adon1237	Lamaholot-Adonara	Austronesian	Adonara	ˈmɜna		m	
173.0	testicles	adon1237	Lamaholot-Adonara	Austronesian	Adonara	ˈlahak		o	
174.0	leg	adon1237	Lamaholot-Adonara	Austronesian	Adonara	ˈleikɜt		n	
175.0	foot	adon1237	Lamaholot-Adonara	Austronesian	Adonara	ˈleikɜt tɜˈnɑpʔã		d	
176.0	heel of foot	adon1237	Lamaholot-Adonara	Austronesian	Adonara	ˈnudɜrɜt		o	
177.0	sole of foot	adon1237	Lamaholot-Adonara	Austronesian	Adonara	leikɜt ˈʔonʔɜ		o	
178.0	knee	adon1237	Lamaholot-Adonara	Austronesian	Adonara	ˈlotorɜt		n	
179.0	back	adon1237	Lamaholot-Adonara	Austronesian	Adonara	ˈwohʔoˈkɜt		q	
180.0	spine; lower back	adon1237	Lamaholot-Adonara	Austronesian	Adonara	ˈhɜlɜrɜt		nan	
181.0	waist	adon1237	Lamaholot-Adonara	Austronesian	Adonara	kɜˈlɜɡɜrɜt		m	
182.0	skin	adon1237	Lamaholot-Adonara	Austronesian	Adonara	ˈkamaˈkɜt		D	
183.0	sore; wound	adon1237	Lamaholot-Adonara	Austronesian	Adonara	ˈʔuŋarɜt		nan	
184.0	ringworm	adon1237	Lamaholot-Adonara	Austronesian	Adonara	kəˈbuʔu		o	
185.0	scabies	adon1237	Lamaholot-Adonara	Austronesian	Adonara	kəˈbuʔu		n	
186.0	tinea	adon1237	Lamaholot-Adonara	Austronesian	Adonara	mɜˈnaɔ		m	
187.0	feverish	adon1237	Lamaholot-Adonara	Austronesian	Adonara	pɜˈlatekɜt		o	
188.0	conjunctivitis	adon1237	Lamaholot-Adonara	Austronesian	Adonara	kɜˈrara		q	
189.0	cold; influenza	adon1237	Lamaholot-Adonara	Austronesian	Adonara	pɜˈlate-ɡɜˈlɜtɜ		nan	
190.0	person	adon1237	Lamaholot-Adonara	Austronesian	Adonara	ˈʔata		2	
191.0	name	adon1237	Lamaholot-Adonara	Austronesian	Adonara	ˈnarã		m	
192.0	child	adon1237	Lamaholot-Adonara	Austronesian	Adonara	ˈʔanaʔ		n	
193.0	man	adon1237	Lamaholot-Adonara	Austronesian	Adonara	ˈʔama lake		m	
194.0	woman	adon1237	Lamaholot-Adonara	Austronesian	Adonara	ˈʔina wae		[no]	
195.0	husband	adon1237	Lamaholot-Adonara	Austronesian	Adonara	ˈlakhẽ		n	
196.0	wife	adon1237	Lamaholot-Adonara	Austronesian	Adonara	hãː		p	
197.0	mother	adon1237	Lamaholot-Adonara	Austronesian	Adonara	ˈʔina		4	
198.0	father	adon1237	Lamaholot-Adonara	Austronesian	Adonara	ˈʔama		3	
199.0	older sibling	adon1237	Lamaholot-Adonara	Austronesian	Adonara	kakãm, kaka		7	
200.0	younger sibling	adon1237	Lamaholot-Adonara	Austronesian	Adonara	ˈʔarim		3	
201.0	bride price	adon1237	Lamaholot-Adonara	Austronesian	Adonara	weli		1	
202.0	slave	adon1237	Lamaholot-Adonara	Austronesian	Adonara	ˈʔariˈʔanaʔ		o	
203.0	1sg	adon1237	Lamaholot-Adonara	Austronesian	Adonara	ˈɡoʔɛ		b	
204.0	2sg (informal)	adon1237	Lamaholot-Adonara	Austronesian	Adonara	ˈmoʔɛ		b	
205.0	2sg (polite)	adon1237	Lamaholot-Adonara	Austronesian	Adonara	x		*	
206.0	3sg	adon1237	Lamaholot-Adonara	Austronesian	Adonara	ˈnaʔɛ		n	
207.0	1pl excl	adon1237	Lamaholot-Adonara	Austronesian	Adonara	ˈkame		a	
208.0	1pl incl	adon1237	Lamaholot-Adonara	Austronesian	Adonara	ˈtite		a	
209.0	2pl	adon1237	Lamaholot-Adonara	Austronesian	Adonara	ˈmio		a	
210.0	3pl	adon1237	Lamaholot-Adonara	Austronesian	Adonara	ˈraʔe		b	
211.0	no; not	adon1237	Lamaholot-Adonara	Austronesian	Adonara	ˈhalaʔ		nan	
212.0	and	adon1237	Lamaholot-Adonara	Austronesian	Adonara	nɔʔ, ˈtaliʔ		1	
213.0	because	adon1237	Lamaholot-Adonara	Austronesian	Adonara	ˈpukɜ		d	
214.0	if	adon1237	Lamaholot-Adonara	Austronesian	Adonara	ˈmia		2	
215.0	with	adon1237	Lamaholot-Adonara	Austronesian	Adonara	nɔʔ, ˈtaliʔ		a	
216.0	what?	adon1237	Lamaholot-Adonara	Austronesian	Adonara	ˈʔaku		d	
217.0	who?	adon1237	Lamaholot-Adonara	Austronesian	Adonara	ˈheku		a	
218.0	where?	adon1237	Lamaholot-Adonara	Austronesian	Adonara	dɜˈɡaku		b	
219.0	when?	adon1237	Lamaholot-Adonara	Austronesian	Adonara	ˈʔɜrɜˈpira		a	
220.0	why?	adon1237	Lamaholot-Adonara	Austronesian	Adonara	pukɜ ˈʔaku		h	
221.0	how much; how many?	adon1237	Lamaholot-Adonara	Austronesian	Adonara	ˈpira		nan	
222.0	how?	adon1237	Lamaholot-Adonara	Austronesian	Adonara	nɜˈɡaku		t	
223.0	this	adon1237	Lamaholot-Adonara	Austronesian	Adonara	ˈnhiː		a	
224.0	that	adon1237	Lamaholot-Adonara	Austronesian	Adonara	ˈnhẽː		p	
225.0	at	adon1237	Lamaholot-Adonara	Austronesian	Adonara	dɜˈhi, dɜ, pi		5	
226.0	in; inside	adon1237	Lamaholot-Adonara	Austronesian	Adonara	ˈʔɔnʔeʔ		nan	
227.0	here	adon1237	Lamaholot-Adonara	Austronesian	Adonara	dɜˈhirɜ		[pq]	
228.0	there	adon1237	Lamaholot-Adonara	Austronesian	Adonara	dɜˈhɛrɜ		u	
229.0	above	adon1237	Lamaholot-Adonara	Austronesian	Adonara	ˈbloʔlõ, lolõ		m	
230.0	below	adon1237	Lamaholot-Adonara	Austronesian	Adonara	leˈrerˈʔẽ, lali laŋũ		n	
231.0	left (side)	adon1237	Lamaholot-Adonara	Austronesian	Adonara	ˈnɛkĩ, nekeʔ		n	
232.0	right (side)	adon1237	Lamaholot-Adonara	Austronesian	Adonara	ˈwana		5	
233.0	a few	adon1237	Lamaholot-Adonara	Austronesian	Adonara	ˈʔɜsiʔ, kuluk		a	
234.0	all	adon1237	Lamaholot-Adonara	Austronesian	Adonara	ˈwahã ˈkaeʔ		a	
235.0	many	adon1237	Lamaholot-Adonara	Austronesian	Adonara	ˈʔaːjʔa		x	
236.0	animal	adon1237	Lamaholot-Adonara	Austronesian	Adonara	ˈʔɜˈwã		m	
237.0	fowl	adon1237	Lamaholot-Adonara	Austronesian	Adonara	ˈʔɜˈwã		7	
238.0	dog	adon1237	Lamaholot-Adonara	Austronesian	Adonara	ˈʔaho		1	
239.0	pig	adon1237	Lamaholot-Adonara	Austronesian	Adonara	ˈwawe		1	
240.0	chicken	adon1237	Lamaholot-Adonara	Austronesian	Adonara	ˈmanuk		m	
241.0	rat	adon1237	Lamaholot-Adonara	Austronesian	Adonara	ˈkromɛ		n	
242.0	lizard	adon1237	Lamaholot-Adonara	Austronesian	Adonara	ˈtɜke		1	
243.0	civet cat	adon1237	Lamaholot-Adonara	Austronesian	Adonara	ˈlako		m	
244.0	deer	adon1237	Lamaholot-Adonara	Austronesian	Adonara	ˈruha		1	
245.0	frog	adon1237	Lamaholot-Adonara	Austronesian	Adonara	ˈmɜto		2	
246.0	bat	adon1237	Lamaholot-Adonara	Austronesian	Adonara	pɜˈnike		m	
247.0	flying fox; fruit bat	adon1237	Lamaholot-Adonara	Austronesian	Adonara	ˈʔobɔʔ		nan	
248.0	cuscus	adon1237	Lamaholot-Adonara	Austronesian	Adonara	x		nan	
249.0	tail	adon1237	Lamaholot-Adonara	Austronesian	Adonara	ˈʔikʔũ		m	
250.0	fish	adon1237	Lamaholot-Adonara	Austronesian	Adonara	ˈʔikã		x	
251.0	shark	adon1237	Lamaholot-Adonara	Austronesian	Adonara	ˈhio		m	
252.0	whale	adon1237	Lamaholot-Adonara	Austronesian	Adonara	bɜˈlɛlã		n	
253.0	dolphin	adon1237	Lamaholot-Adonara	Austronesian	Adonara	ˈtɜmu		n	
254.0	crocodile	adon1237	Lamaholot-Adonara	Austronesian	Adonara	ˈkobu		m	
255.0	monitor lizard	adon1237	Lamaholot-Adonara	Austronesian	Adonara	ˈʔoteʔ		3	
256.0	starfish	adon1237	Lamaholot-Adonara	Austronesian	Adonara	boˈwojõ		n	
257.0	turtle	adon1237	Lamaholot-Adonara	Austronesian	Adonara	ˈkeʔa		4	
258.0	turtle (saltwater)	adon1237	Lamaholot-Adonara	Austronesian	Adonara	ˈkeʔa		m	
259.0	bird	adon1237	Lamaholot-Adonara	Austronesian	Adonara	kɜˈsui		2	
260.0	wing	adon1237	Lamaholot-Adonara	Austronesian	Adonara	ˈkɜpʔĩ		a	
261.0	claw	adon1237	Lamaholot-Adonara	Austronesian	Adonara	kɜˈmukure		o	
262.0	feather	adon1237	Lamaholot-Adonara	Austronesian	Adonara	ˈrawuke		n	
263.0	horn	adon1237	Lamaholot-Adonara	Austronesian	Adonara	taˈrã		m	
264.0	snake	adon1237	Lamaholot-Adonara	Austronesian	Adonara	ˈʔulaʔ		5	
265.0	scorpion	adon1237	Lamaholot-Adonara	Austronesian	Adonara	ˈmɛkɔt		m	
266.0	egg	adon1237	Lamaholot-Adonara	Austronesian	Adonara	ˈtɛluk		m	
267.0	earthworm	adon1237	Lamaholot-Adonara	Austronesian	Adonara	kalaˈwala		m	
268.0	butterfly	adon1237	Lamaholot-Adonara	Austronesian	Adonara	kɜˈbukare		d	
269.0	fly (n.)	adon1237	Lamaholot-Adonara	Austronesian	Adonara	kɜˈnɜpũ		o	
270.0	mosquito	adon1237	Lamaholot-Adonara	Austronesian	Adonara	kɜˈraɡã		o	
271.0	ant	adon1237	Lamaholot-Adonara	Austronesian	Adonara	kɜˈmɜrɜk		n	
272.0	grasshopper	adon1237	Lamaholot-Adonara	Austronesian	Adonara	kɜˈmaroʔ		o	
273.0	locust	adon1237	Lamaholot-Adonara	Austronesian	Adonara	kɜmɛrũˈdate		n	
274.0	spider	adon1237	Lamaholot-Adonara	Austronesian	Adonara	kabaˈrabat		o	
275.0	headlice	adon1237	Lamaholot-Adonara	Austronesian	Adonara	ˈkutɔ		m	
276.0	louse eggs	adon1237	Lamaholot-Adonara	Austronesian	Adonara	kɜˈlɛhɛ̃		y	
277.0	mother louse	adon1237	Lamaholot-Adonara	Austronesian	Adonara	kutɔ ˈʔinã		nan	
278.0	flea	adon1237	Lamaholot-Adonara	Austronesian	Adonara	tɜˈmɜla		c	
279.0	louse (clothing)	adon1237	Lamaholot-Adonara	Austronesian	Adonara	keˈtumã		u	
280.0	bedbug	adon1237	Lamaholot-Adonara	Austronesian	Adonara	tɜˈmajũ		[21]	
281.0	big	adon1237	Lamaholot-Adonara	Austronesian	Adonara	ˈbele		2	
282.0	small	adon1237	Lamaholot-Adonara	Austronesian	Adonara	ˈkɛni		f	
283.0	old; worn (house)	adon1237	Lamaholot-Adonara	Austronesian	Adonara	tɜˈnuʔe		nan	
284.0	new (house)	adon1237	Lamaholot-Adonara	Austronesian	Adonara	ˈwuʔũ		n	
285.0	old (people)	adon1237	Lamaholot-Adonara	Austronesian	Adonara	tɜˈnuʔe		o	
286.0	young (people)	adon1237	Lamaholot-Adonara	Austronesian	Adonara	muˈrine		m	
287.0	lazy	adon1237	Lamaholot-Adonara	Austronesian	Adonara	ˈhadɜ		o	
288.0	hot	adon1237	Lamaholot-Adonara	Austronesian	Adonara	ˈplate		a	
289.0	cold	adon1237	Lamaholot-Adonara	Austronesian	Adonara	ˈɡlɜtɜ		o	
290.0	good	adon1237	Lamaholot-Adonara	Austronesian	Adonara	ˈmɜʔlaʔ		p	
291.0	bad	adon1237	Lamaholot-Adonara	Austronesian	Adonara	maˈdoː		o	
292.0	full	adon1237	Lamaholot-Adonara	Austronesian	Adonara	ˈpɜnɔ		n	
293.0	empty	adon1237	Lamaholot-Adonara	Austronesian	Adonara	ˈʔaʔmũ		m	
294.0	near	adon1237	Lamaholot-Adonara	Austronesian	Adonara	ˈdahe		1	
295.0	far	adon1237	Lamaholot-Adonara	Austronesian	Adonara	ˈdɔɑ̃		5	
296.0	wet	adon1237	Lamaholot-Adonara	Austronesian	Adonara	ˈnamʔɛ̃		m	
297.0	dry	adon1237	Lamaholot-Adonara	Austronesian	Adonara	ˈmaʔrã		n	
298.0	dry in sun	adon1237	Lamaholot-Adonara	Austronesian	Adonara	ˈpahe, ˈpaʔĩ		m	
302.0	short (people)	adon1237	Lamaholot-Adonara	Austronesian	Adonara	rɜʔˈrẽ		d	
303.0	thin (non-human)	adon1237	Lamaholot-Adonara	Austronesian	Adonara	mɜˈnipi		a	
304.0	skinny (human)	adon1237	Lamaholot-Adonara	Austronesian	Adonara	pɜˈriɡo		m	
305.0	thick	adon1237	Lamaholot-Adonara	Austronesian	Adonara	pɜˈwɜrã		d	
306.0	round	adon1237	Lamaholot-Adonara	Austronesian	Adonara	kɜˈlubu		m	
307.0	dark	adon1237	Lamaholot-Adonara	Austronesian	Adonara	pɜˈroɡɜ		o	
308.0	light	adon1237	Lamaholot-Adonara	Austronesian	Adonara	ˈnɛʔɛk		n	
309.0	dirty	adon1237	Lamaholot-Adonara	Austronesian	Adonara	miˈlã		n	
310.0	clean	adon1237	Lamaholot-Adonara	Austronesian	Adonara	ˈlaɛʔ		n	
311.0	sharp	adon1237	Lamaholot-Adonara	Austronesian	Adonara	bɜˈleu, ˈdɜkɜt		n	
312.0	blunt; dull	adon1237	Lamaholot-Adonara	Austronesian	Adonara	kɜˈmɔŋɔ		nan	
313.0	heavy	adon1237	Lamaholot-Adonara	Austronesian	Adonara	ˈbaʔat		m	
314.0	light (weight)	adon1237	Lamaholot-Adonara	Austronesian	Adonara	kɜˈliɛʔ		m	
315.0	straight	adon1237	Lamaholot-Adonara	Austronesian	Adonara	kɜˈlɔhɔ		p	
316.0	wide	adon1237	Lamaholot-Adonara	Austronesian	Adonara	ˈbeleʔ		a	
318.0	correct	adon1237	Lamaholot-Adonara	Austronesian	Adonara	muʔˈrɜ̃		m	
319.0	wrong	adon1237	Lamaholot-Adonara	Austronesian	Adonara	ˈnalã		a	
320.0	ripe	adon1237	Lamaholot-Adonara	Austronesian	Adonara	ˈtahak		m	
321.0	rotten	adon1237	Lamaholot-Adonara	Austronesian	Adonara	ˈdatɜ		o	
322.0	bitter	adon1237	Lamaholot-Adonara	Austronesian	Adonara	ˈpait		m	
323.0	sweet	adon1237	Lamaholot-Adonara	Austronesian	Adonara	kɜˈseʔe		m	
324.0	sour	adon1237	Lamaholot-Adonara	Austronesian	Adonara	ˈɡilo		m	
325.0	salty	adon1237	Lamaholot-Adonara	Austronesian	Adonara	ˈpɜro		m	
326.0	flat	adon1237	Lamaholot-Adonara	Austronesian	Adonara	ˈmepe		p	
327.0	smooth	adon1237	Lamaholot-Adonara	Austronesian	Adonara	kɜˈmelut		n	
328.0	rough	adon1237	Lamaholot-Adonara	Austronesian	Adonara	ˈɡaʔak		o	
329.0	black	adon1237	Lamaholot-Adonara	Austronesian	Adonara	ˈmitɜ		n	
330.0	white	adon1237	Lamaholot-Adonara	Austronesian	Adonara	ˈburaʔ		b	
331.0	red	adon1237	Lamaholot-Adonara	Austronesian	Adonara	ˈmɜʔã		n	
332.0	green	adon1237	Lamaholot-Adonara	Austronesian	Adonara	ˈkeorɛ		p	
333.0	blue	adon1237	Lamaholot-Adonara	Austronesian	Adonara	ˈkeorɛ		o	
334.0	yellow	adon1237	Lamaholot-Adonara	Austronesian	Adonara	ˈkumhã		n	
335.0	sick; painful	adon1237	Lamaholot-Adonara	Austronesian	Adonara	ˈbrara, bɜˈrarʔa		nan	
336.0	shy; ashamed	adon1237	Lamaholot-Adonara	Austronesian	Adonara	ˈmia		nan	
337.0	thirsty	adon1237	Lamaholot-Adonara	Austronesian	Adonara	ɑnɜk ˈmara		m	
338.0	hungry	adon1237	Lamaholot-Adonara	Austronesian	Adonara	ˈmalu		m	
339.0	blind	adon1237	Lamaholot-Adonara	Austronesian	Adonara	kɜˈnisũ, kɜˈbuʔlɔ̃		o	
340.0	deaf	adon1237	Lamaholot-Adonara	Austronesian	Adonara	kɜˈbekʔẽ		m	
341.0	scared	adon1237	Lamaholot-Adonara	Austronesian	Adonara	ˈsoʔot		o	
342.0	angry	adon1237	Lamaholot-Adonara	Austronesian	Adonara	ˈbɜkɜ		m	
343.0	to see	adon1237	Lamaholot-Adonara	Austronesian	Adonara	ˈhulɜ		c	
344.0	to hear	adon1237	Lamaholot-Adonara	Austronesian	Adonara	ˈdɜŋɜʔ		n	
345.0	to smell	adon1237	Lamaholot-Adonara	Austronesian	Adonara	pɜnuˈhuk		5	
346.0	to think	adon1237	Lamaholot-Adonara	Austronesian	Adonara	ˈpetɜ		g	
347.0	to know	adon1237	Lamaholot-Adonara	Austronesian	Adonara	ˈnoi, ˈkoi		o	
348.0	to say	adon1237	Lamaholot-Adonara	Austronesian	Adonara	pɜˈʔulũ		n	
349.0	to speak	adon1237	Lamaholot-Adonara	Austronesian	Adonara	pɜˈʔulũ		n	
350.0	voice	adon1237	Lamaholot-Adonara	Austronesian	Adonara	ˈrãː		m	
351.0	language	adon1237	Lamaholot-Adonara	Austronesian	Adonara	ˈkoda		o	
352.0	to lie down	adon1237	Lamaholot-Adonara	Austronesian	Adonara	ˈʔolɛʔ		o	
353.0	to sleep	adon1237	Lamaholot-Adonara	Austronesian	Adonara	ˈturu		n	
354.0	to wake up	adon1237	Lamaholot-Adonara	Austronesian	Adonara	ˈhoɡo		m	
355.0	to wake someone up	adon1237	Lamaholot-Adonara	Austronesian	Adonara	ˈʔio		o	
356.0	to bathe	adon1237	Lamaholot-Adonara	Austronesian	Adonara	ˈhabo		n	
357.0	to bathe (a child)	adon1237	Lamaholot-Adonara	Austronesian	Adonara	ˈhabo		m	
358.0	to sit	adon1237	Lamaholot-Adonara	Austronesian	Adonara	ˈtobo		3	
359.0	to stand	adon1237	Lamaholot-Adonara	Austronesian	Adonara	ˈdeʔi		n	
360.0	to walk	adon1237	Lamaholot-Adonara	Austronesian	Adonara	ˈpana		a	
361.0	to run	adon1237	Lamaholot-Adonara	Austronesian	Adonara	pɑˈlaʔe		m	
362.0	to go	adon1237	Lamaholot-Adonara	Austronesian	Adonara	ˈnaʔi		n	
363.0	to swim	adon1237	Lamaholot-Adonara	Austronesian	Adonara	ˈnaŋe		m	
364.0	to fly	adon1237	Lamaholot-Adonara	Austronesian	Adonara	ˈbɜka		o	
365.0	to fall (from above)	adon1237	Lamaholot-Adonara	Austronesian	Adonara	ˈɡɔka		o	
366.0	to fall over	adon1237	Lamaholot-Adonara	Austronesian	Adonara	ˈhobat, ˈtobaŋ		[on]	
367.0	to drop	adon1237	Lamaholot-Adonara	Austronesian	Adonara	na ˈɡoka		o	
368.0	to drink	adon1237	Lamaholot-Adonara	Austronesian	Adonara	ˈkenu, ˈmenu, ˈnenu		n	
369.0	to eat	adon1237	Lamaholot-Adonara	Austronesian	Adonara	ˈgoe kãː		o	
370.0	to cook	adon1237	Lamaholot-Adonara	Austronesian	Adonara	ˈdena		o	
371.0	to wash	adon1237	Lamaholot-Adonara	Austronesian	Adonara	ˈbaha		c	
372.0	to sew	adon1237	Lamaholot-Adonara	Austronesian	Adonara	ˈhɑu		d	
373.0	to live; be alive; living	adon1237	Lamaholot-Adonara	Austronesian	Adonara	ˈmorit		nan	
374.0	to breathe	adon1237	Lamaholot-Adonara	Austronesian	Adonara	ˈnɜriˈnɑĩ, ˈnɜriˈnɑĩk		p	
375.0	to work	adon1237	Lamaholot-Adonara	Austronesian	Adonara	ˈʔola, krɜja		a	
376.0	to die	adon1237	Lamaholot-Adonara	Austronesian	Adonara	ˈmataː		n	
377.0	to give	adon1237	Lamaholot-Adonara	Austronesian	Adonara	ˈneĩ		o	
378.0	to wipe	adon1237	Lamaholot-Adonara	Austronesian	Adonara	ˈbɔhɔʔ		b	
379.0	to come	adon1237	Lamaholot-Adonara	Austronesian	Adonara	ˈbeto		m	
380.0	to laugh	adon1237	Lamaholot-Adonara	Austronesian	Adonara	ˈɡeka		m	
381.0	to cry	adon1237	Lamaholot-Adonara	Austronesian	Adonara	ˈtani		n	
382.0	to dance	adon1237	Lamaholot-Adonara	Austronesian	Adonara	ˈniːɡɜ		n	
383.0	to sing	adon1237	Lamaholot-Adonara	Austronesian	Adonara	ˈdedã		n	
384.0	to burn (clear land)	adon1237	Lamaholot-Adonara	Austronesian	Adonara	ˈsɜruʔ		n	
385.0	to burn; to shine	adon1237	Lamaholot-Adonara	Austronesian	Adonara	ˈmorit, ˈɡanɜ		nan	
386.0	to shine	adon1237	Lamaholot-Adonara	Austronesian	Adonara	ˈmorit		o	
387.0	to chew	adon1237	Lamaholot-Adonara	Austronesian	Adonara	ˈbɑhɑk		m	
388.0	to yawn	adon1237	Lamaholot-Adonara	Austronesian	Adonara	pɜˈmoaː		m	
389.0	to suck	adon1237	Lamaholot-Adonara	Austronesian	Adonara	ˈʔisɜp		c	
390.0	to blow	adon1237	Lamaholot-Adonara	Austronesian	Adonara	ˈpuit		1	
391.0	to spit	adon1237	Lamaholot-Adonara	Austronesian	Adonara	ˈprino		m	
392.0	to vomit	adon1237	Lamaholot-Adonara	Austronesian	Adonara	kɜˈdɔʔuk		b	
393.0	to rub	adon1237	Lamaholot-Adonara	Austronesian	Adonara	doˈruʔ		2	
394.0	to scratch	adon1237	Lamaholot-Adonara	Austronesian	Adonara	ˈraɡuʔ		m	
395.0	itchy	adon1237	Lamaholot-Adonara	Austronesian	Adonara	ˈɡatɜk		m	
396.0	to swell	adon1237	Lamaholot-Adonara	Austronesian	Adonara	ˈbaʔa		n	
397.0	to hit	adon1237	Lamaholot-Adonara	Austronesian	Adonara	ˈplei, ˈbɜteːk		m	
398.0	to slap	adon1237	Lamaholot-Adonara	Austronesian	Adonara	ˈtɜpɔ̃, ˈtɜpɑk		n	
399.0	to bite	adon1237	Lamaholot-Adonara	Austronesian	Adonara	ˈɡike		nan	
400.0	to cut	adon1237	Lamaholot-Adonara	Austronesian	Adonara	ˈbelo, ˈporoʔ		n	
401.0	to cut down	adon1237	Lamaholot-Adonara	Austronesian	Adonara	ˈhobat		o	
402.0	to split	adon1237	Lamaholot-Adonara	Austronesian	Adonara	ˈlɜkɑʔ		a	
403.0	to divide	adon1237	Lamaholot-Adonara	Austronesian	Adonara	ˈweka		n	
404.0	to stab	adon1237	Lamaholot-Adonara	Austronesian	Adonara	ˈsɜɡɑt		p	
405.0	to skewer	adon1237	Lamaholot-Adonara	Austronesian	Adonara	ˈtuhuk, ˈtɜɡuʔ		4	
406.0	to fight	adon1237	Lamaholot-Adonara	Austronesian	Adonara	pɜˈwuno		n	
407.0	to guard	adon1237	Lamaholot-Adonara	Austronesian	Adonara	dʒaɡa		4	
408.0	to throw	adon1237	Lamaholot-Adonara	Austronesian	Adonara	ɡeˈbaʔ, ɡɑˈhɑk		b	
409.0	to hunt	adon1237	Lamaholot-Adonara	Austronesian	Adonara	ˈbatĩ		n	
410.0	to kill	adon1237	Lamaholot-Adonara	Austronesian	Adonara	ˈbelo		o	
411.0	to chase away	adon1237	Lamaholot-Adonara	Austronesian	Adonara	ˈdore		m	
413.0	to search for; to hunt for	adon1237	Lamaholot-Adonara	Austronesian	Adonara	ˈsɜbɑʔ		nan	
414.0	to dig	adon1237	Lamaholot-Adonara	Austronesian	Adonara	ˈbaʔe		m	
415.0	to bury	adon1237	Lamaholot-Adonara	Austronesian	Adonara	ˈtomɜ, ˈtonɛk		o	
416.0	to flow	adon1237	Lamaholot-Adonara	Austronesian	Adonara	baʔ		m	
417.0	to float	adon1237	Lamaholot-Adonara	Austronesian	Adonara	ˈbaɔʔ		9	
418.0	to freeze	adon1237	Lamaholot-Adonara	Austronesian	Adonara	ˈmarana		nan	
419.0	to hold	adon1237	Lamaholot-Adonara	Austronesian	Adonara	ˈpehẽ		m	
420.0	to tie	adon1237	Lamaholot-Adonara	Austronesian	Adonara	ˈpuĩ		b	
421.0	to play	adon1237	Lamaholot-Adonara	Austronesian	Adonara	ɡ(ɜ)ˈlahaʔ		p	
422.0	to pull	adon1237	Lamaholot-Adonara	Austronesian	Adonara	ˈɡehã, ˈtubo		m	
423.0	to push	adon1237	Lamaholot-Adonara	Austronesian	Adonara	ˈtojɔ̃		d	
424.0	to turn	adon1237	Lamaholot-Adonara	Austronesian	Adonara	ˈpɛkɔt		n	
425.0	to dream	adon1237	Lamaholot-Adonara	Austronesian	Adonara	tɜˈʔuru		n	
426.0	to crouch; to bend over	adon1237	Lamaholot-Adonara	Austronesian	Adonara	ˈpraɡa		nan	
427.0	to live; to stay	adon1237	Lamaholot-Adonara	Austronesian	Adonara	ˈtawãnɜt		nan	
428.0	to choose	adon1237	Lamaholot-Adonara	Austronesian	Adonara	ˈpilɛ		m	
429.0	to grow	adon1237	Lamaholot-Adonara	Austronesian	Adonara	ˈtawã		3	
430.0	to squeeze	adon1237	Lamaholot-Adonara	Austronesian	Adonara	ˈpiʔuk		f	
431.0	to buy	adon1237	Lamaholot-Adonara	Austronesian	Adonara	ˈhope		n	
432.0	to sell	adon1237	Lamaholot-Adonara	Austronesian	Adonara	ˈduʔũ		n	
433.0	to steal	adon1237	Lamaholot-Adonara	Austronesian	Adonara	ˈlãː		o	
434.0	to open	adon1237	Lamaholot-Adonara	Austronesian	Adonara	ˈbuka		n	
435.0	to close	adon1237	Lamaholot-Adonara	Austronesian	Adonara	ˈlɜːtuʔ		m	
436.0	to climb	adon1237	Lamaholot-Adonara	Austronesian	Adonara	ˈɡere		m	
437.0	to hide	adon1237	Lamaholot-Adonara	Austronesian	Adonara	ˈhorõ		m	
438.0	to wait	adon1237	Lamaholot-Adonara	Austronesian	Adonara	ˈmĩa		n	
439.0	to fold	adon1237	Lamaholot-Adonara	Austronesian	Adonara	ˈlɜpɜt		4	
440.0	to help	adon1237	Lamaholot-Adonara	Austronesian	Adonara	ɡɜˈmohe		n	
441.0	to bark	adon1237	Lamaholot-Adonara	Austronesian	Adonara	ˈhobo		m	
442.0	to shoot	adon1237	Lamaholot-Adonara	Austronesian	Adonara	ˈpasak		o	
443.0	to shoot with slingshot	adon1237	Lamaholot-Adonara	Austronesian	Adonara	ˈpɜsi		m	
444.0	to pound; to beat	adon1237	Lamaholot-Adonara	Austronesian	Adonara	ˈtubuk, ˈbadʒo		nan	
445.0	to hit (drum)	adon1237	Lamaholot-Adonara	Austronesian	Adonara	ˈdane		b	
446.0	to call out	adon1237	Lamaholot-Adonara	Austronesian	Adonara	ɡiˈake		o	
447.0	to lie (tell untruth)	adon1237	Lamaholot-Adonara	Austronesian	Adonara	ˈʔopɜ		n	
448.0	to ask (question)	adon1237	Lamaholot-Adonara	Austronesian	Adonara	ˈdahã		o	
449.0	to count	adon1237	Lamaholot-Adonara	Austronesian	Adonara	ˈɡasik		2	
450.0	one	adon1237	Lamaholot-Adonara	Austronesian	Adonara	ˈtoʔu		p	
451.0	two	adon1237	Lamaholot-Adonara	Austronesian	Adonara	ˈrua		a	
452.0	three	adon1237	Lamaholot-Adonara	Austronesian	Adonara	ˈtɛlo		1	
453.0	four	adon1237	Lamaholot-Adonara	Austronesian	Adonara	ˈpaːt		m	
454.0	five	adon1237	Lamaholot-Adonara	Austronesian	Adonara	ˈlema		3	
455.0	six	adon1237	Lamaholot-Adonara	Austronesian	Adonara	ˈnamu		b	
456.0	seven	adon1237	Lamaholot-Adonara	Austronesian	Adonara	ˈpito		n	
457.0	eight	adon1237	Lamaholot-Adonara	Austronesian	Adonara	butoː		n	
458.0	nine	adon1237	Lamaholot-Adonara	Austronesian	Adonara	hiwa		m	
459.0	ten	adon1237	Lamaholot-Adonara	Austronesian	Adonara	puloː		m	
460.0	eleven	adon1237	Lamaholot-Adonara	Austronesian	Adonara	pulok ˈtoʔu		nan	
461.0	twelve	adon1237	Lamaholot-Adonara	Austronesian	Adonara	pulok rua		nan	
462.0	thirteen	adon1237	Lamaholot-Adonara	Austronesian	Adonara	pulok tɜlo		nan	
463.0	fourteen	adon1237	Lamaholot-Adonara	Austronesian	Adonara	pulok paːt		nan	
464.0	fifteen	adon1237	Lamaholot-Adonara	Austronesian	Adonara	pulok lɛma		nan	
465.0	sixteen	adon1237	Lamaholot-Adonara	Austronesian	Adonara	pulok nɜmu		nan	
466.0	seventeen	adon1237	Lamaholot-Adonara	Austronesian	Adonara	pulok pito		nan	
467.0	eighteen	adon1237	Lamaholot-Adonara	Austronesian	Adonara	pulok buto		nan	
468.0	nineteen	adon1237	Lamaholot-Adonara	Austronesian	Adonara	pulok hiwa		nan	
469.0	twenty	adon1237	Lamaholot-Adonara	Austronesian	Adonara	pulu rua		[mn]	
470.0	twenty one	adon1237	Lamaholot-Adonara	Austronesian	Adonara	pulu rua nɔ ˈtoʔu		nan	
471.0	twenty two	adon1237	Lamaholot-Adonara	Austronesian	Adonara	pulu rua nɔ ˈrua		nan	
472.0	twenty three	adon1237	Lamaholot-Adonara	Austronesian	Adonara	pulu rua nɔ ˈtɛlo		nan	
473.0	twenty four	adon1237	Lamaholot-Adonara	Austronesian	Adonara	pulu rua nɔ ˈpaːt		nan	
474.0	twenty five	adon1237	Lamaholot-Adonara	Austronesian	Adonara	pulu rua nɔ ˈlɛma		nan	
475.0	thirty	adon1237	Lamaholot-Adonara	Austronesian	Adonara	pulu ˈtɜlo		m	
476.0	forty	adon1237	Lamaholot-Adonara	Austronesian	Adonara	pulu paːt		nan	
477.0	fifty	adon1237	Lamaholot-Adonara	Austronesian	Adonara	pulu lɛma		nan	
478.0	sixty	adon1237	Lamaholot-Adonara	Austronesian	Adonara	pulu nɜmu		nan	
479.0	seventy	adon1237	Lamaholot-Adonara	Austronesian	Adonara	pulu pito		nan	
480.0	eighty	adon1237	Lamaholot-Adonara	Austronesian	Adonara	pulu buto		nan	
481.0	ninety	adon1237	Lamaholot-Adonara	Austronesian	Adonara	pulu hiwa		nan	
482.0	one hundred	adon1237	Lamaholot-Adonara	Austronesian	Adonara	tɜˈratu		m	
483.0	one hundred and twenty three	adon1237	Lamaholot-Adonara	Austronesian	Adonara	tɜˈratu pulu ˈrua nɔ ˈtɛlo		nan	
484.0	two hundred	adon1237	Lamaholot-Adonara	Austronesian	Adonara	ratu rua		nan	
485.0	thousand	adon1237	Lamaholot-Adonara	Austronesian	Adonara	riːbu		1	
486.0	one hundred thousand	adon1237	Lamaholot-Adonara	Austronesian	Adonara	ribhũ tɜˈratu		[3m]	
487.0	grandmother	adon1237	Lamaholot-Adonara	Austronesian	Adonara	wae		o	
488.0	grandfather	adon1237	Lamaholot-Adonara	Austronesian	Adonara	opu		n	
489.0	grandchild	adon1237	Lamaholot-Adonara	Austronesian	Adonara	tʃutʃu		nan	
490.0	mother's brother	adon1237	Lamaholot-Adonara	Austronesian	Adonara	opu		nan	
491.0	nephew; niece	adon1237	Lamaholot-Adonara	Austronesian	Adonara	ʔanaʔ		nan	
492.0	older brother	adon1237	Lamaholot-Adonara	Austronesian	Adonara	ʔariʔ, kaka		nan	
493.0	older sister	adon1237	Lamaholot-Adonara	Austronesian	Adonara	ʔariʔ, kaka		nan	
494.0	sister	adon1237	Lamaholot-Adonara	Austronesian	Adonara	bine-k		nan	
495.0	woman's cross-cousin	adon1237	Lamaholot-Adonara	Austronesian	Adonara	x		nan	
496.0	woman's younger sister	adon1237	Lamaholot-Adonara	Austronesian	Adonara	ʔariʔ		nan	
497.0	younger brother	adon1237	Lamaholot-Adonara	Austronesian	Adonara	ʔariʔ		nan	
498.0	brother	adon1237	Lamaholot-Adonara	Austronesian	Adonara	ʔariʔ, kaka		nan	
499.0	brother-in-law	adon1237	Lamaholot-Adonara	Austronesian	Adonara	bine ʔanaʔ		nan	
500.0	cross-cousin	adon1237	Lamaholot-Adonara	Austronesian	Adonara	opu (m), breũ (f)		nan	
501.0	father's sister	adon1237	Lamaholot-Adonara	Austronesian	Adonara	kaka		nan	
502.0	ridge(pole); peak; tip	adon1237	Lamaholot-Adonara	Austronesian	Adonara	ˈwolaʔ		nan	
503.0	rack(above hearth/for storing food)	adon1237	Lamaholot-Adonara	Austronesian	Adonara	kɜˈnala, maɡa		nan	
504.0	broom; sweep	adon1237	Lamaholot-Adonara	Austronesian	Adonara	ˈnamu		nan	
505.0	ground for ritual activities and public meetings	adon1237	Lamaholot-Adonara	Austronesian	Adonara	basa		nan	
506.0	mound of stones for ritual activities	adon1237	Lamaholot-Adonara	Austronesian	Adonara	ˈnubo ˈnara		nan	
507.0	meeting house	adon1237	Lamaholot-Adonara	Austronesian	Adonara	ˈkokɜ		nan	
508.0	floor	adon1237	Lamaholot-Adonara	Austronesian	Adonara	ˈlante		nan	
509.0	wall	adon1237	Lamaholot-Adonara	Austronesian	Adonara	ˈkɜnɜˈbiʔ		nan	
510.0	window	adon1237	Lamaholot-Adonara	Austronesian	Adonara	ɡɜˈnela		nan	
511.0	cookhouse; kitchen	adon1237	Lamaholot-Adonara	Austronesian	Adonara	ˈrurã		nan	
512.0	bed	adon1237	Lamaholot-Adonara	Austronesian	Adonara	kɜˈnatã		nan	
513.0	chair	adon1237	Lamaholot-Adonara	Austronesian	Adonara	nɔbɔ, kursi		nan	
514.0	lamp	adon1237	Lamaholot-Adonara	Austronesian	Adonara	pɜlita, lampu		nan	
515.0	candle	adon1237	Lamaholot-Adonara	Austronesian	Adonara	tɜˈnaro		nan	
516.0	to weave	adon1237	Lamaholot-Adonara	Austronesian	Adonara	tane, nekɜt tane		nan	
517.0	shirt	adon1237	Lamaholot-Adonara	Austronesian	Adonara	ˈlabu		nan	
518.0	necklace	adon1237	Lamaholot-Adonara	Austronesian	Adonara	ˈnilɜ		nan	
519.0	earring	adon1237	Lamaholot-Adonara	Austronesian	Adonara	ˈʔatĩ		nan	
520.0	trousers	adon1237	Lamaholot-Adonara	Austronesian	Adonara	ˈdekoˈblahã		nan	
521.0	sarong (women)	adon1237	Lamaholot-Adonara	Austronesian	Adonara	kəˈwata		nan	
522.0	loom	adon1237	Lamaholot-Adonara	Austronesian	Adonara	x		nan	
523.0	thread	adon1237	Lamaholot-Adonara	Austronesian	Adonara	bɜˈʔuwa		nan	
524.0	to worship	adon1237	Lamaholot-Adonara	Austronesian	Adonara	sɜˈbajã		nan	
525.0	holy	adon1237	Lamaholot-Adonara	Austronesian	Adonara	kəˈlɔhɔ̃		nan	
526.0	to bless	adon1237	Lamaholot-Adonara	Austronesian	Adonara	bɜrˈkaːt		nan	
527.0	God	adon1237	Lamaholot-Adonara	Austronesian	Adonara	ˈʔalatɜt		nan	
528.0	to pray	adon1237	Lamaholot-Adonara	Austronesian	Adonara	sɜˈbajã		nan	
529.0	church	adon1237	Lamaholot-Adonara	Austronesian	Adonara	ɡɜˈrɛdʒa		nan	
530.0	mosque	adon1237	Lamaholot-Adonara	Austronesian	Adonara	mɛˈsjit		nan	
531.0	to curse	adon1237	Lamaholot-Adonara	Austronesian	Adonara	ˈtuma		nan	
532.0	priest (modern)	adon1237	Lamaholot-Adonara	Austronesian	Adonara	ˈtuã		nan	
533.0	sorcerer; witch	adon1237	Lamaholot-Adonara	Austronesian	Adonara	sɜˈnɜmu		nan	
534.0	initiation ceremony	adon1237	Lamaholot-Adonara	Austronesian	Adonara	ˈnuã		nan	
535.0	sermon	adon1237	Lamaholot-Adonara	Austronesian	Adonara	ˈnuã marĩ		nan	
536.0	sacrifice	adon1237	Lamaholot-Adonara	Austronesian	Adonara	x		nan	
537.0	clan	adon1237	Lamaholot-Adonara	Austronesian	Adonara	ˈsuku		nan	
538.0	chieftain	adon1237	Lamaholot-Adonara	Austronesian	Adonara	ˈsuku ˈmehene		nan	
539.0	to rule or govern	adon1237	Lamaholot-Adonara	Austronesian	Adonara	pɜˈreta		nan	
540.0	treaty	adon1237	Lamaholot-Adonara	Austronesian	Adonara	ˈbaja		nan	
541.0	marriage	adon1237	Lamaholot-Adonara	Austronesian	Adonara	bɜrˈkaːt		nan	
542.0	friend	adon1237	Lamaholot-Adonara	Austronesian	Adonara	ˈrɛu		nan	
543.0	enemy	adon1237	Lamaholot-Adonara	Austronesian	Adonara	ˈmusu		nan	
544.0	king; ruler	adon1237	Lamaholot-Adonara	Austronesian	Adonara	ˈraja		nan	
545.0	stranger	adon1237	Lamaholot-Adonara	Austronesian	Adonara	muriˈke		nan	
546.0	to invite	adon1237	Lamaholot-Adonara	Austronesian	Adonara	ˈmarĩ		nan	
547.0	to command or order	adon1237	Lamaholot-Adonara	Austronesian	Adonara	ˈhudaʔ		nan	
548.0	dowry	adon1237	Lamaholot-Adonara	Austronesian	Adonara	ˈʔohɛ		nan	
549.0	the judge	adon1237	Lamaholot-Adonara	Austronesian	Adonara	ʔolɛ̃ ˈkwadʒũ		nan	
550.0	accuse	adon1237	Lamaholot-Adonara	Austronesian	Adonara	ʔɜˈwaʔ		nan	
551.0	guilty	adon1237	Lamaholot-Adonara	Austronesian	Adonara	ˈnalã		nan	
552.0	innocent	adon1237	Lamaholot-Adonara	Austronesian	Adonara	nalã hɑlɑ		nan	
553.0	the murder	adon1237	Lamaholot-Adonara	Austronesian	Adonara	belo ˈwɜkika		nan	
554.0	the adultery	adon1237	Lamaholot-Adonara	Austronesian	Adonara	ˈbəluwo		nan	
555.0	penalty	adon1237	Lamaholot-Adonara	Austronesian	Adonara	ˈnɜda		nan	
556.0	fishnet	adon1237	Lamaholot-Adonara	Austronesian	Adonara	ˈpukɜt, ala		nan	
557.0	to surrender	adon1237	Lamaholot-Adonara	Austronesian	Adonara	soʔoˈtaʔ		nan	
558.0	to defend	adon1237	Lamaholot-Adonara	Austronesian	Adonara	ˈnɜtĩ		nan	
559.0	the war or battle	adon1237	Lamaholot-Adonara	Austronesian	Adonara	pɜˈwuno		nan	
560.0	poor	adon1237	Lamaholot-Adonara	Austronesian	Adonara	ˈkuno, ɡuru ˈɡipa		nan	
561.0	rich	adon1237	Lamaholot-Adonara	Austronesian	Adonara	kəˈwasa		nan	
562.0	money	adon1237	Lamaholot-Adonara	Austronesian	Adonara	ˈdoi		nan	
563.0	market	adon1237	Lamaholot-Adonara	Austronesian	Adonara	ˈwulɜ		nan	
564.0	price	adon1237	Lamaholot-Adonara	Austronesian	Adonara	ˈwelĩ		nan	
565.0	to own	adon1237	Lamaholot-Adonara	Austronesian	Adonara	ɡoˈʔẽ		nan	
566.0	to borrow	adon1237	Lamaholot-Adonara	Austronesian	Adonara	ɡɜˈnerĩː		nan	
567.0	to trade or barter	adon1237	Lamaholot-Adonara	Austronesian	Adonara	ˈduʔũ ˈhope		nan	
568.0	expensive	adon1237	Lamaholot-Adonara	Austronesian	Adonara	ˈwelĩ		nan	
569.0	cheap	adon1237	Lamaholot-Adonara	Austronesian	Adonara	welĩ ˈtake		nan	
570.0	to grasp	adon1237	Lamaholot-Adonara	Austronesian	Adonara	ˈpehẽ		nan	
571.0	to let go	adon1237	Lamaholot-Adonara	Austronesian	Adonara	ˈloʔok		nan	
572.0	to promise	adon1237	Lamaholot-Adonara	Austronesian	Adonara	ˈbaja		nan	
573.0	word	adon1237	Lamaholot-Adonara	Austronesian	Adonara	ˈkoda		nan	
574.0	to answer	adon1237	Lamaholot-Adonara	Austronesian	Adonara	ˈtapã		nan	
575.0	to refuse	adon1237	Lamaholot-Adonara	Austronesian	Adonara	ɡeˈhik		nan	
576.0	to whisper	adon1237	Lamaholot-Adonara	Austronesian	Adonara	hakori		nan	
577.0	to be silent	adon1237	Lamaholot-Adonara	Austronesian	Adonara	ˈpiʔe, ˈpaha		nan	
578.0	to tell	adon1237	Lamaholot-Adonara	Austronesian	Adonara	ˈtutuʔ		nan	
579.0	to learn	adon1237	Lamaholot-Adonara	Austronesian	Adonara	ɡɜˈnuaʔ		nan	
580.0	to teach	adon1237	Lamaholot-Adonara	Austronesian	Adonara	ˈnuã		nan	
581.0	easy	adon1237	Lamaholot-Adonara	Austronesian	Adonara	ˈpəlelɛt		nan	
582.0	difficult	adon1237	Lamaholot-Adonara	Austronesian	Adonara	ˈtudak		nan	
583.0	finished	adon1237	Lamaholot-Adonara	Austronesian	Adonara	ˈwahak(a)		nan	
584.0	now	adon1237	Lamaholot-Adonara	Austronesian	Adonara	ˈnhake ˈnhare		nan	
585.0	hour	adon1237	Lamaholot-Adonara	Austronesian	Adonara	ˈdahu		nan	
586.0	same	adon1237	Lamaholot-Adonara	Austronesian	Adonara	ˈhama		nan	
587.0	oven/cooking place	adon1237	Lamaholot-Adonara	Austronesian	Adonara	ˈlikat		m	
588.0	flower (in e.g. mangga tree)	adon1237	Lamaholot-Adonara	Austronesian	Adonara	ˈpuhũ		n	
589.0	vein	adon1237	Lamaholot-Adonara	Austronesian	Adonara	a:lˈhĩ		m	
590.0	long (stick)	adon1237	Lamaholot-Adonara	Austronesian	Adonara	ˈblaha, bɜlahɜˈa		a	
591.0	tall (person)	adon1237	Lamaholot-Adonara	Austronesian	Adonara	blɔʔˈlɔ̃		2	
592.0	short (stick)	adon1237	Lamaholot-Adonara	Austronesian	Adonara	kɜʔˈrũ		b	
593.0	narrow (road)	adon1237	Lamaholot-Adonara	Austronesian	Adonara	ˈkɛniʔ		n	
598.0	to chase away; to expel	adon1237	Lamaholot-Adonara	Austronesian	Adonara	ˈsika		nan	
