Feature_ID	English	Language_ID	Language name (-dialect)	Family	Region	Value
0	sky	tetu1245-vique	Tetun Terik-Viqueque	Austronesian	Timor	lalɛhaŋ
1	sun	tetu1245-vique	Tetun Terik-Viqueque	Austronesian	Timor	loro matan
2	moon	tetu1245-vique	Tetun Terik-Viqueque	Austronesian	Timor	fulaŋ
3	star	tetu1245-vique	Tetun Terik-Viqueque	Austronesian	Timor	fituŋ
4	night	tetu1245-vique	Tetun Terik-Viqueque	Austronesian	Timor	kalaŋ
5	day	tetu1245-vique	Tetun Terik-Viqueque	Austronesian	Timor	lɔrɔŋ
6	year	tetu1245-vique	Tetun Terik-Viqueque	Austronesian	Timor	tɪnaŋ
7	morning	tetu1245-vique	Tetun Terik-Viqueque	Austronesian	Timor	da'dɛ:r, sei'sawan
8	yesterday	tetu1245-vique	Tetun Terik-Viqueque	Austronesian	Timor	hɔr sɛik
9	day before yesterday	tetu1245-vique	Tetun Terik-Viqueque	Austronesian	Timor	hɔr baiŋ rua
10	tomorrow	tetu1245-vique	Tetun Terik-Viqueque	Austronesian	Timor	aŋ
11	day after tomorrow	tetu1245-vique	Tetun Terik-Viqueque	Austronesian	Timor	abaŋ baiŋ rua
12	twilight; dawn	tetu1245-vique	Tetun Terik-Viqueque	Austronesian	Timor	da'dɛ:r saŋ
13	cloud	tetu1245-vique	Tetun Terik-Viqueque	Austronesian	Timor	o'raga
14	wind	tetu1245-vique	Tetun Terik-Viqueque	Austronesian	Timor	aniŋ
15	rain	tetu1245-vique	Tetun Terik-Viqueque	Austronesian	Timor	udaŋ
16	drizzle	tetu1245-vique	Tetun Terik-Viqueque	Austronesian	Timor	udaŋ 'rihik
17	rainbow	tetu1245-vique	Tetun Terik-Viqueque	Austronesian	Timor	kɔ:r
18	thunder	tetu1245-vique	Tetun Terik-Viqueque	Austronesian	Timor	(kilat) laku
19	lightning	tetu1245-vique	Tetun Terik-Viqueque	Austronesian	Timor	kilat
20	earthquake	tetu1245-vique	Tetun Terik-Viqueque	Austronesian	Timor	rai nak'doko
21	fog	tetu1245-vique	Tetun Terik-Viqueque	Austronesian	Timor	abu-abu
22	river; stream	tetu1245-vique	Tetun Terik-Viqueque	Austronesian	Timor	mota
23	ice	tetu1245-vique	Tetun Terik-Viqueque	Austronesian	Timor	zelu
24	snow	tetu1245-vique	Tetun Terik-Viqueque	Austronesian	Timor	saldZu
25	lake	tetu1245-vique	Tetun Terik-Viqueque	Austronesian	Timor	ta:ŋki
26	mountain	tetu1245-vique	Tetun Terik-Viqueque	Austronesian	Timor	karuik
27	hill; ridge	tetu1245-vique	Tetun Terik-Viqueque	Austronesian	Timor	karuik lɛtɛŋ
28	village	tetu1245-vique	Tetun Terik-Viqueque	Austronesian	Timor	suku
29	land; soil	tetu1245-vique	Tetun Terik-Viqueque	Austronesian	Timor	rai
30	Earth	tetu1245-vique	Tetun Terik-Viqueque	Austronesian	Timor	mundu
31	hole	tetu1245-vique	Tetun Terik-Viqueque	Austronesian	Timor	kuak
32	stone	tetu1245-vique	Tetun Terik-Viqueque	Austronesian	Timor	fatuk
33	coral (rock)	tetu1245-vique	Tetun Terik-Viqueque	Austronesian	Timor	fatuk ruiŋ
34	(coral) reef	tetu1245-vique	Tetun Terik-Viqueque	Austronesian	Timor	ahu ruiŋ
35	water (fresh)	tetu1245-vique	Tetun Terik-Viqueque	Austronesian	Timor	we:
36	sea; sea water	tetu1245-vique	Tetun Terik-Viqueque	Austronesian	Timor	tasi
37	wave	tetu1245-vique	Tetun Terik-Viqueque	Austronesian	Timor	lalɔraŋ, arus
38	foam	tetu1245-vique	Tetun Terik-Viqueque	Austronesian	Timor	furiŋ
39	forest	tetu1245-vique	Tetun Terik-Viqueque	Austronesian	Timor	rahuŋ
40	field	tetu1245-vique	Tetun Terik-Viqueque	Austronesian	Timor	duɁut barak
41	island	tetu1245-vique	Tetun Terik-Viqueque	Austronesian	Timor	luaŋ
42	rice field	tetu1245-vique	Tetun Terik-Viqueque	Austronesian	Timor	kintal
43	garden	tetu1245-vique	Tetun Terik-Viqueque	Austronesian	Timor	tɔɁɔs
44	fence	tetu1245-vique	Tetun Terik-Viqueque	Austronesian	Timor	lutu
45	road; path; way	tetu1245-vique	Tetun Terik-Viqueque	Austronesian	Timor	dalaŋ
46	canoe	tetu1245-vique	Tetun Terik-Viqueque	Austronesian	Timor	roh
47	sail (n.)	tetu1245-vique	Tetun Terik-Viqueque	Austronesian	Timor	hɛna
48	to sail	tetu1245-vique	Tetun Terik-Viqueque	Austronesian	Timor	ba buka naɁaŋ
49	fishing hook	tetu1245-vique	Tetun Terik-Viqueque	Austronesian	Timor	kaɛr 'isin
50	fish trap	tetu1245-vique	Tetun Terik-Viqueque	Austronesian	Timor	rɛdi
51	rope	tetu1245-vique	Tetun Terik-Viqueque	Austronesian	Timor	tali
52	machete	tetu1245-vique	Tetun Terik-Viqueque	Austronesian	Timor	taha
53	axe	tetu1245-vique	Tetun Terik-Viqueque	Austronesian	Timor	baliu
54	spear	tetu1245-vique	Tetun Terik-Viqueque	Austronesian	Timor	dɪma
55	burden stick	tetu1245-vique	Tetun Terik-Viqueque	Austronesian	Timor	leba
56	stick; pole	tetu1245-vique	Tetun Terik-Viqueque	Austronesian	Timor	dima
57	digging stick	tetu1245-vique	Tetun Terik-Viqueque	Austronesian	Timor	insada
59	bow	tetu1245-vique	Tetun Terik-Viqueque	Austronesian	Timor	rama
60	arrow	tetu1245-vique	Tetun Terik-Viqueque	Austronesian	Timor	rama ɔaŋ
61	knife	tetu1245-vique	Tetun Terik-Viqueque	Austronesian	Timor	tudik
62	comb	tetu1245-vique	Tetun Terik-Viqueque	Austronesian	Timor	kaulu
63	mat	tetu1245-vique	Tetun Terik-Viqueque	Austronesian	Timor	biti
64	needle	tetu1245-vique	Tetun Terik-Viqueque	Austronesian	Timor	dauŋ
65	clothing	tetu1245-vique	Tetun Terik-Viqueque	Austronesian	Timor	unuk
67	fire	tetu1245-vique	Tetun Terik-Viqueque	Austronesian	Timor	ahi
68	smoke	tetu1245-vique	Tetun Terik-Viqueque	Austronesian	Timor	suar
70	dust; fine earth	tetu1245-vique	Tetun Terik-Viqueque	Austronesian	Timor	ai rahuŋ
71	fireplace ash	tetu1245-vique	Tetun Terik-Viqueque	Austronesian	Timor	ahi latuŋ
72	mud	tetu1245-vique	Tetun Terik-Viqueque	Austronesian	Timor	tahu
73	clay	tetu1245-vique	Tetun Terik-Viqueque	Austronesian	Timor	raimeaŋ
74	gravel	tetu1245-vique	Tetun Terik-Viqueque	Austronesian	Timor	fatuk rahuŋ
75	sand	tetu1245-vique	Tetun Terik-Viqueque	Austronesian	Timor	rajhɛnɛk
76	grass; brush	tetu1245-vique	Tetun Terik-Viqueque	Austronesian	Timor	duɁut
77	house	tetu1245-vique	Tetun Terik-Viqueque	Austronesian	Timor	uma
78	traditional house	tetu1245-vique	Tetun Terik-Viqueque	Austronesian	Timor	Ɂuma lulik
79	barn; storage house	tetu1245-vique	Tetun Terik-Viqueque	Austronesian	Timor	Ɂuma sesaŋ fati
80	raised platform	tetu1245-vique	Tetun Terik-Viqueque	Austronesian	Timor	sala
81	door	tetu1245-vique	Tetun Terik-Viqueque	Austronesian	Timor	Ɂɔdamataŋ
82	(thatch) roof	tetu1245-vique	Tetun Terik-Viqueque	Austronesian	Timor	kaha:ak
83	roof thatch	tetu1245-vique	Tetun Terik-Viqueque	Austronesian	Timor	hae
84	tree	tetu1245-vique	Tetun Terik-Viqueque	Austronesian	Timor	ai hun
85	wood	tetu1245-vique	Tetun Terik-Viqueque	Austronesian	Timor	ai
86	bark (of tree)	tetu1245-vique	Tetun Terik-Viqueque	Austronesian	Timor	ai kakun
87	leaf	tetu1245-vique	Tetun Terik-Viqueque	Austronesian	Timor	tahan
88	branch	tetu1245-vique	Tetun Terik-Viqueque	Austronesian	Timor	kasanak
89	firewood	tetu1245-vique	Tetun Terik-Viqueque	Austronesian	Timor	ai sunu
90	rattan	tetu1245-vique	Tetun Terik-Viqueque	Austronesian	Timor	oe
91	root	tetu1245-vique	Tetun Terik-Viqueque	Austronesian	Timor	abut
92	fruit	tetu1245-vique	Tetun Terik-Viqueque	Austronesian	Timor	Ɂaifuaŋ
93	seed	tetu1245-vique	Tetun Terik-Viqueque	Austronesian	Timor	musan
94	grain; cereal	tetu1245-vique	Tetun Terik-Viqueque	Austronesian	Timor	hare
96	husked rice; uncooked rice	tetu1245-vique	Tetun Terik-Viqueque	Austronesian	Timor	fɔɁɔs
97	rice grains (unhusked) (raw from field)	tetu1245-vique	Tetun Terik-Viqueque	Austronesian	Timor	hare kakun
98	cooked rice	tetu1245-vique	Tetun Terik-Viqueque	Austronesian	Timor	Ɂɛtu
99	rice plant	tetu1245-vique	Tetun Terik-Viqueque	Austronesian	Timor	hare oan
100	to plant (yam)	tetu1245-vique	Tetun Terik-Viqueque	Austronesian	Timor	kuda (ai fehuk)
101	to plant (rice)	tetu1245-vique	Tetun Terik-Viqueque	Austronesian	Timor	kuda (hare)
102	betel nut; areca	tetu1245-vique	Tetun Terik-Viqueque	Austronesian	Timor	bua
103	betel vine	tetu1245-vique	Tetun Terik-Viqueque	Austronesian	Timor	fuik
104	lime	tetu1245-vique	Tetun Terik-Viqueque	Austronesian	Timor	ahu
105	chew betel	tetu1245-vique	Tetun Terik-Viqueque	Austronesian	Timor	mama fuik
106	sweet potato	tetu1245-vique	Tetun Terik-Viqueque	Austronesian	Timor	fehuk malae
107	cassava	tetu1245-vique	Tetun Terik-Viqueque	Austronesian	Timor	ai fehuk
108	taro	tetu1245-vique	Tetun Terik-Viqueque	Austronesian	Timor	talas
109	sago	tetu1245-vique	Tetun Terik-Viqueque	Austronesian	Timor	akar
110	millet	tetu1245-vique	Tetun Terik-Viqueque	Austronesian	Timor	x
111	sugarcane	tetu1245-vique	Tetun Terik-Viqueque	Austronesian	Timor	tohu
112	corn; maize	tetu1245-vique	Tetun Terik-Viqueque	Austronesian	Timor	batar
113	cooked corn	tetu1245-vique	Tetun Terik-Viqueque	Austronesian	Timor	batar da?an
114	coconut	tetu1245-vique	Tetun Terik-Viqueque	Austronesian	Timor	nu:
115	gwang	tetu1245-vique	Tetun Terik-Viqueque	Austronesian	Timor	nu: talin nurak
116	lontar palm	tetu1245-vique	Tetun Terik-Viqueque	Austronesian	Timor	ai tali
117	sugar palm	tetu1245-vique	Tetun Terik-Viqueque	Austronesian	Timor	tua
118	marungga	tetu1245-vique	Tetun Terik-Viqueque	Austronesian	Timor	maut
119	gum tree; eucalyptus	tetu1245-vique	Tetun Terik-Viqueque	Austronesian	Timor	ai mutin
120	bamboo	tetu1245-vique	Tetun Terik-Viqueque	Austronesian	Timor	au
121	banana	tetu1245-vique	Tetun Terik-Viqueque	Austronesian	Timor	hudi
122	mango	tetu1245-vique	Tetun Terik-Viqueque	Austronesian	Timor	ha:s
123	papaya	tetu1245-vique	Tetun Terik-Viqueque	Austronesian	Timor	ai butak
124	jackfruit	tetu1245-vique	Tetun Terik-Viqueque	Austronesian	Timor	kulu
125	breadfruit	tetu1245-vique	Tetun Terik-Viqueque	Austronesian	Timor	x
126	bean	tetu1245-vique	Tetun Terik-Viqueque	Austronesian	Timor	fore
127	honey	tetu1245-vique	Tetun Terik-Viqueque	Austronesian	Timor	wani wen
128	milk	tetu1245-vique	Tetun Terik-Viqueque	Austronesian	Timor	susu wen
129	salt	tetu1245-vique	Tetun Terik-Viqueque	Austronesian	Timor	masin
130	fat	tetu1245-vique	Tetun Terik-Viqueque	Austronesian	Timor	bokur
131	flesh; meat	tetu1245-vique	Tetun Terik-Viqueque	Austronesian	Timor	naɁan
132	bone	tetu1245-vique	Tetun Terik-Viqueque	Austronesian	Timor	ruin
133	rib	tetu1245-vique	Tetun Terik-Viqueque	Austronesian	Timor	knosen
134	sweat	tetu1245-vique	Tetun Terik-Viqueque	Austronesian	Timor	kosar
135	tear	tetu1245-vique	Tetun Terik-Viqueque	Austronesian	Timor	mata lun
136	blood	tetu1245-vique	Tetun Terik-Viqueque	Austronesian	Timor	ra:
138	heart	tetu1245-vique	Tetun Terik-Viqueque	Austronesian	Timor	fuan
139	liver	tetu1245-vique	Tetun Terik-Viqueque	Austronesian	Timor	aten
140	kidney	tetu1245-vique	Tetun Terik-Viqueque	Austronesian	Timor	buka sorik
141	guts	tetu1245-vique	Tetun Terik-Viqueque	Austronesian	Timor	te oan
142	excrement	tetu1245-vique	Tetun Terik-Viqueque	Austronesian	Timor	animal ten
143	lungs	tetu1245-vique	Tetun Terik-Viqueque	Austronesian	Timor	kɔ:k
144	stomach; belly	tetu1245-vique	Tetun Terik-Viqueque	Austronesian	Timor	kabun
145	head	tetu1245-vique	Tetun Terik-Viqueque	Austronesian	Timor	ulun
146	hair	tetu1245-vique	Tetun Terik-Viqueque	Austronesian	Timor	fu:k
147	body hair	tetu1245-vique	Tetun Terik-Viqueque	Austronesian	Timor	rahuk
148	eye	tetu1245-vique	Tetun Terik-Viqueque	Austronesian	Timor	matan
149	ear	tetu1245-vique	Tetun Terik-Viqueque	Austronesian	Timor	tilun
150	nose	tetu1245-vique	Tetun Terik-Viqueque	Austronesian	Timor	inur
151	mouth	tetu1245-vique	Tetun Terik-Viqueque	Austronesian	Timor	ibun
152	chin	tetu1245-vique	Tetun Terik-Viqueque	Austronesian	Timor	timir
153	lips	tetu1245-vique	Tetun Terik-Viqueque	Austronesian	Timor	ibun 'suhun
154	teeth	tetu1245-vique	Tetun Terik-Viqueque	Austronesian	Timor	nihaŋ
155	tongue	tetu1245-vique	Tetun Terik-Viqueque	Austronesian	Timor	na'na:n
156	neck	tetu1245-vique	Tetun Terik-Viqueque	Austronesian	Timor	ka'kɔrɔk
157	shoulder	tetu1245-vique	Tetun Terik-Viqueque	Austronesian	Timor	ka'ba:s
158	body	tetu1245-vique	Tetun Terik-Viqueque	Austronesian	Timor	isi'lɔlɔn
159	forehead	tetu1245-vique	Tetun Terik-Viqueque	Austronesian	Timor	re:n
160	nostril	tetu1245-vique	Tetun Terik-Viqueque	Austronesian	Timor	inur kuak
161	mucus	tetu1245-vique	Tetun Terik-Viqueque	Austronesian	Timor	kuɁus
162	cheek	tetu1245-vique	Tetun Terik-Viqueque	Austronesian	Timor	hasan
163	arm	tetu1245-vique	Tetun Terik-Viqueque	Austronesian	Timor	lima'kabun
164	hand	tetu1245-vique	Tetun Terik-Viqueque	Austronesian	Timor	liman
165	palm of hand	tetu1245-vique	Tetun Terik-Viqueque	Austronesian	Timor	lima'tanen
166	finger	tetu1245-vique	Tetun Terik-Viqueque	Austronesian	Timor	lima'fuan
167	fingernail	tetu1245-vique	Tetun Terik-Viqueque	Austronesian	Timor	lima'knutak
168	breast	tetu1245-vique	Tetun Terik-Viqueque	Austronesian	Timor	susun
169	chest	tetu1245-vique	Tetun Terik-Viqueque	Austronesian	Timor	hirus'matan
170	navel	tetu1245-vique	Tetun Terik-Viqueque	Austronesian	Timor	husar
171	penis	tetu1245-vique	Tetun Terik-Viqueque	Austronesian	Timor	lasa'kain
172	vagina	tetu1245-vique	Tetun Terik-Viqueque	Austronesian	Timor	huɁi
173	testicles	tetu1245-vique	Tetun Terik-Viqueque	Austronesian	Timor	lasa'tolun
174	leg	tetu1245-vique	Tetun Terik-Viqueque	Austronesian	Timor	ai
175	foot	tetu1245-vique	Tetun Terik-Viqueque	Austronesian	Timor	ai
176	heel of foot	tetu1245-vique	Tetun Terik-Viqueque	Austronesian	Timor	ai'knuban
177	sole of foot	tetu1245-vique	Tetun Terik-Viqueque	Austronesian	Timor	ai'tanen
178	knee	tetu1245-vique	Tetun Terik-Viqueque	Austronesian	Timor	ai'tur
179	back	tetu1245-vique	Tetun Terik-Viqueque	Austronesian	Timor	'kɔtuk
180	spine; lower back	tetu1245-vique	Tetun Terik-Viqueque	Austronesian	Timor	'kidan
181	waist	tetu1245-vique	Tetun Terik-Viqueque	Austronesian	Timor	'knɔtak
182	skin	tetu1245-vique	Tetun Terik-Viqueque	Austronesian	Timor	isi'kulit
183	sore; wound	tetu1245-vique	Tetun Terik-Viqueque	Austronesian	Timor	'kanek
184	ringworm	tetu1245-vique	Tetun Terik-Viqueque	Austronesian	Timor	ka'hanok
185	scabies	tetu1245-vique	Tetun Terik-Viqueque	Austronesian	Timor	Ɂaba
186	tinea	tetu1245-vique	Tetun Terik-Viqueque	Austronesian	Timor	kahanok
187	feverish	tetu1245-vique	Tetun Terik-Viqueque	Austronesian	Timor	isi ma'lirin
188	conjunctivitis	tetu1245-vique	Tetun Terik-Viqueque	Austronesian	Timor	mata 'moras
189	cold; influenza	tetu1245-vique	Tetun Terik-Viqueque	Austronesian	Timor	fani
190	person	tetu1245-vique	Tetun Terik-Viqueque	Austronesian	Timor	ɛma
191	name	tetu1245-vique	Tetun Terik-Viqueque	Austronesian	Timor	naraŋ
192	child	tetu1245-vique	Tetun Terik-Viqueque	Austronesian	Timor	ɔaŋ
193	man	tetu1245-vique	Tetun Terik-Viqueque	Austronesian	Timor	manɛ
194	woman	tetu1245-vique	Tetun Terik-Viqueque	Austronesian	Timor	fɛtɔ
195	husband	tetu1245-vique	Tetun Terik-Viqueque	Austronesian	Timor	manɛn
196	wife	tetu1245-vique	Tetun Terik-Viqueque	Austronesian	Timor	fɛn
197	mother	tetu1245-vique	Tetun Terik-Viqueque	Austronesian	Timor	naj
198	father	tetu1245-vique	Tetun Terik-Viqueque	Austronesian	Timor	tej
199	older sibling	tetu1245-vique	Tetun Terik-Viqueque	Austronesian	Timor	mau, bi
200	younger sibling	tetu1245-vique	Tetun Terik-Viqueque	Austronesian	Timor	kau
201	bride price	tetu1245-vique	Tetun Terik-Viqueque	Austronesian	Timor	fɔ:lɪŋ
202	slave	tetu1245-vique	Tetun Terik-Viqueque	Austronesian	Timor	ata
203	1sg	tetu1245-vique	Tetun Terik-Viqueque	Austronesian	Timor	haɁu
204	2sg (informal)	tetu1245-vique	Tetun Terik-Viqueque	Austronesian	Timor	o
205	2sg (polite)	tetu1245-vique	Tetun Terik-Viqueque	Austronesian	Timor	o
206	3sg	tetu1245-vique	Tetun Terik-Viqueque	Austronesian	Timor	nia
207	1pl excl	tetu1245-vique	Tetun Terik-Viqueque	Austronesian	Timor	ami
208	1pl incl	tetu1245-vique	Tetun Terik-Viqueque	Austronesian	Timor	ita
209	2pl	tetu1245-vique	Tetun Terik-Viqueque	Austronesian	Timor	imi
210	3pl	tetu1245-vique	Tetun Terik-Viqueque	Austronesian	Timor	sia
211	no; not	tetu1245-vique	Tetun Terik-Viqueque	Austronesian	Timor	laɛk
212	and	tetu1245-vique	Tetun Terik-Viqueque	Austronesian	Timor	nɔ:
213	because	tetu1245-vique	Tetun Terik-Viqueque	Austronesian	Timor	tamba
214	if	tetu1245-vique	Tetun Terik-Viqueque	Austronesian	Timor	se:
215	with	tetu1245-vique	Tetun Terik-Viqueque	Austronesian	Timor	nɔ:
216	what?	tetu1245-vique	Tetun Terik-Viqueque	Austronesian	Timor	saɁida, sa
217	who?	tetu1245-vique	Tetun Terik-Viqueque	Austronesian	Timor	seɁe
218	where?	tetu1245-vique	Tetun Terik-Viqueque	Austronesian	Timor	nɛ'bɛ:
219	when?	tetu1245-vique	Tetun Terik-Viqueque	Austronesian	Timor	wai'hira
220	why?	tetu1245-vique	Tetun Terik-Viqueque	Austronesian	Timor	nusa
221	how much; how many?	tetu1245-vique	Tetun Terik-Viqueque	Austronesian	Timor	hira
222	how?	tetu1245-vique	Tetun Terik-Viqueque	Austronesian	Timor	nalo 'nusa
223	this	tetu1245-vique	Tetun Terik-Viqueque	Austronesian	Timor	ne?e
224	that	tetu1245-vique	Tetun Terik-Viqueque	Austronesian	Timor	nɛ'ba:
225	at	tetu1245-vique	Tetun Terik-Viqueque	Austronesian	Timor	iha
226	in; inside	tetu1245-vique	Tetun Terik-Viqueque	Austronesian	Timor	iha'laran
227	here	tetu1245-vique	Tetun Terik-Viqueque	Austronesian	Timor	iha nɛ
228	there	tetu1245-vique	Tetun Terik-Viqueque	Austronesian	Timor	iha ŋɛ'ba:
229	above	tetu1245-vique	Tetun Terik-Viqueque	Austronesian	Timor	iha 'lɛten
230	below	tetu1245-vique	Tetun Terik-Viqueque	Austronesian	Timor	iha 'kraik
231	left (side)	tetu1245-vique	Tetun Terik-Viqueque	Austronesian	Timor	karuk
232	right (side)	tetu1245-vique	Tetun Terik-Viqueque	Austronesian	Timor	lɔs
233	a few	tetu1245-vique	Tetun Terik-Viqueque	Austronesian	Timor	uan 'ida
234	all	tetu1245-vique	Tetun Terik-Viqueque	Austronesian	Timor	hotu
235	many	tetu1245-vique	Tetun Terik-Viqueque	Austronesian	Timor	waɁin
236	animal	tetu1245-vique	Tetun Terik-Viqueque	Austronesian	Timor	ani'mal
237	fowl	tetu1245-vique	Tetun Terik-Viqueque	Austronesian	Timor	manu
238	dog	tetu1245-vique	Tetun Terik-Viqueque	Austronesian	Timor	asu
239	pig	tetu1245-vique	Tetun Terik-Viqueque	Austronesian	Timor	fahi
240	chicken	tetu1245-vique	Tetun Terik-Viqueque	Austronesian	Timor	manu 'diɁan
241	rat	tetu1245-vique	Tetun Terik-Viqueque	Austronesian	Timor	lahɔ
242	lizard	tetu1245-vique	Tetun Terik-Viqueque	Austronesian	Timor	toko
243	civet cat	tetu1245-vique	Tetun Terik-Viqueque	Austronesian	Timor	mɛda
244	deer	tetu1245-vique	Tetun Terik-Viqueque	Austronesian	Timor	bibi 'rusa
245	frog	tetu1245-vique	Tetun Terik-Viqueque	Austronesian	Timor	lɛkat
246	bat	tetu1245-vique	Tetun Terik-Viqueque	Austronesian	Timor	niki
247	flyinɡ fox; fruit bat	tetu1245-vique	Tetun Terik-Viqueque	Austronesian	Timor	niki uan
248	cuscus	tetu1245-vique	Tetun Terik-Viqueque	Austronesian	Timor	laku
249	tail	tetu1245-vique	Tetun Terik-Viqueque	Austronesian	Timor	ikun
250	fish	tetu1245-vique	Tetun Terik-Viqueque	Austronesian	Timor	naɁaŋ
251	shark	tetu1245-vique	Tetun Terik-Viqueque	Austronesian	Timor	naɁan tasi
252	whale	tetu1245-vique	Tetun Terik-Viqueque	Austronesian	Timor	naɁan tasi
253	dolphin	tetu1245-vique	Tetun Terik-Viqueque	Austronesian	Timor	naɁan tasi
254	crocodile	tetu1245-vique	Tetun Terik-Viqueque	Austronesian	Timor	lafa'ɛk tasi 'maran
255	monitor lizard	tetu1245-vique	Tetun Terik-Viqueque	Austronesian	Timor	lafa'ɛk rai 'maran
256	starfish	tetu1245-vique	Tetun Terik-Viqueque	Austronesian	Timor	fitun 'tasi
257	turtle	tetu1245-vique	Tetun Terik-Viqueque	Austronesian	Timor	lenuk
258	turtle (saltwater)	tetu1245-vique	Tetun Terik-Viqueque	Austronesian	Timor	lenuk 'tasi
259	bird	tetu1245-vique	Tetun Terik-Viqueque	Austronesian	Timor	manu 'semo
260	wing	tetu1245-vique	Tetun Terik-Viqueque	Austronesian	Timor	liras
261	claw	tetu1245-vique	Tetun Terik-Viqueque	Austronesian	Timor	manu ain
262	feather	tetu1245-vique	Tetun Terik-Viqueque	Austronesian	Timor	rahun
263	horn	tetu1245-vique	Tetun Terik-Viqueque	Austronesian	Timor	dikur
264	snake	tetu1245-vique	Tetun Terik-Viqueque	Austronesian	Timor	sa'mɛjaŋ
265	scorpion	tetu1245-vique	Tetun Terik-Viqueque	Austronesian	Timor	sa'kunar
266	egg	tetu1245-vique	Tetun Terik-Viqueque	Austronesian	Timor	tɔluŋ
267	earthworm	tetu1245-vique	Tetun Terik-Viqueque	Austronesian	Timor	latik
268	butterfly	tetu1245-vique	Tetun Terik-Viqueque	Austronesian	Timor	ka'bebar
269	fly (n.)	tetu1245-vique	Tetun Terik-Viqueque	Austronesian	Timor	'lalar
270	mosquito	tetu1245-vique	Tetun Terik-Viqueque	Austronesian	Timor	'susuk
271	ant	tetu1245-vique	Tetun Terik-Viqueque	Austronesian	Timor	'nɛhɛk
272	grasshopper	tetu1245-vique	Tetun Terik-Viqueque	Austronesian	Timor	ka'laek
273	locust	tetu1245-vique	Tetun Terik-Viqueque	Austronesian	Timor	ka'laek
274	spider	tetu1245-vique	Tetun Terik-Viqueque	Austronesian	Timor	laba'dain
275	headlice	tetu1245-vique	Tetun Terik-Viqueque	Austronesian	Timor	'utu
276	louse eggs	tetu1245-vique	Tetun Terik-Viqueque	Austronesian	Timor	'utu tolun
277	mother louse	tetu1245-vique	Tetun Terik-Viqueque	Austronesian	Timor	utu 'inan
278	flea	tetu1245-vique	Tetun Terik-Viqueque	Austronesian	Timor	asu 'utun
279	louse (clothing)	tetu1245-vique	Tetun Terik-Viqueque	Austronesian	Timor	nati 'faru
280	bedbug	tetu1245-vique	Tetun Terik-Viqueque	Austronesian	Timor	nati toba 'fatik
281	big	tetu1245-vique	Tetun Terik-Viqueque	Austronesian	Timor	bo:t
282	small	tetu1245-vique	Tetun Terik-Viqueque	Austronesian	Timor	ki'Ɂik
283	old; worn (house)	tetu1245-vique	Tetun Terik-Viqueque	Austronesian	Timor	uma 'tuan
284	new (house)	tetu1245-vique	Tetun Terik-Viqueque	Austronesian	Timor	uma 'foun
285	old (people)	tetu1245-vique	Tetun Terik-Viqueque	Austronesian	Timor	ka'tuas, 'ferik
286	young (people)	tetu1245-vique	Tetun Terik-Viqueque	Austronesian	Timor	foi'wai
287	lazy	tetu1245-vique	Tetun Terik-Viqueque	Austronesian	Timor	'baruk
288	hot	tetu1245-vique	Tetun Terik-Viqueque	Austronesian	Timor	'manas
289	cold	tetu1245-vique	Tetun Terik-Viqueque	Austronesian	Timor	malɪrɪŋ
290	good	tetu1245-vique	Tetun Terik-Viqueque	Austronesian	Timor	diak
291	bad	tetu1245-vique	Tetun Terik-Viqueque	Austronesian	Timor	a:t
292	full	tetu1245-vique	Tetun Terik-Viqueque	Austronesian	Timor	na'konu
293	empty	tetu1245-vique	Tetun Terik-Viqueque	Austronesian	Timor	'mamuk
294	near	tetu1245-vique	Tetun Terik-Viqueque	Austronesian	Timor	kreis
295	far	tetu1245-vique	Tetun Terik-Viqueque	Austronesian	Timor	kdɔk
296	wet	tetu1245-vique	Tetun Terik-Viqueque	Austronesian	Timor	wek
297	dry	tetu1245-vique	Tetun Terik-Viqueque	Austronesian	Timor	maran
298	dry in sun	tetu1245-vique	Tetun Terik-Viqueque	Austronesian	Timor	ha'waɁi
302	short (people)	tetu1245-vique	Tetun Terik-Viqueque	Austronesian	Timor	(ema) badak
303	thin (non-human)	tetu1245-vique	Tetun Terik-Viqueque	Austronesian	Timor	'miɁis
304	skinny (human)	tetu1245-vique	Tetun Terik-Viqueque	Austronesian	Timor	'rekas
305	thick	tetu1245-vique	Tetun Terik-Viqueque	Austronesian	Timor	'maɁar
306	round	tetu1245-vique	Tetun Terik-Viqueque	Austronesian	Timor	ka'buar
307	dark	tetu1245-vique	Tetun Terik-Viqueque	Austronesian	Timor	na'kukun
308	light	tetu1245-vique	Tetun Terik-Viqueque	Austronesian	Timor	na'rɔman
309	dirty	tetu1245-vique	Tetun Terik-Viqueque	Austronesian	Timor	'fɔɁer
310	clean	tetu1245-vique	Tetun Terik-Viqueque	Austronesian	Timor	mɔ:s
311	sharp	tetu1245-vique	Tetun Terik-Viqueque	Austronesian	Timor	'kroɁat
312	blunt; dull	tetu1245-vique	Tetun Terik-Viqueque	Austronesian	Timor	ufak
313	heavy	tetu1245-vique	Tetun Terik-Viqueque	Austronesian	Timor	'todan
314	light (weight)	tetu1245-vique	Tetun Terik-Viqueque	Austronesian	Timor	'kma:n
315	straight	tetu1245-vique	Tetun Terik-Viqueque	Austronesian	Timor	lɔ:s
316	wide	tetu1245-vique	Tetun Terik-Viqueque	Austronesian	Timor	luaŋ
318	correct	tetu1245-vique	Tetun Terik-Viqueque	Austronesian	Timor	lɔ:s
319	wrong	tetu1245-vique	Tetun Terik-Viqueque	Austronesian	Timor	sala
320	ripe	tetu1245-vique	Tetun Terik-Viqueque	Austronesian	Timor	tɛɁɪŋ
321	rotten	tetu1245-vique	Tetun Terik-Viqueque	Austronesian	Timor	dɔdɔk
322	bitter	tetu1245-vique	Tetun Terik-Viqueque	Austronesian	Timor	moruk
323	sweet	tetu1245-vique	Tetun Terik-Viqueque	Austronesian	Timor	midar
324	sour	tetu1245-vique	Tetun Terik-Viqueque	Austronesian	Timor	mɛr
325	salty	tetu1245-vique	Tetun Terik-Viqueque	Austronesian	Timor	sin
326	flat	tetu1245-vique	Tetun Terik-Viqueque	Austronesian	Timor	kwɛr
327	smooth	tetu1245-vique	Tetun Terik-Viqueque	Austronesian	Timor	ka'ronak
328	rough	tetu1245-vique	Tetun Terik-Viqueque	Austronesian	Timor	'fukun maka'Ɂas
329	black	tetu1245-vique	Tetun Terik-Viqueque	Austronesian	Timor	mɛtaŋ
330	white	tetu1245-vique	Tetun Terik-Viqueque	Austronesian	Timor	mutɪŋ
331	red	tetu1245-vique	Tetun Terik-Viqueque	Austronesian	Timor	mean
332	green	tetu1245-vique	Tetun Terik-Viqueque	Austronesian	Timor	(ai tahaŋ) matak
333	blue	tetu1245-vique	Tetun Terik-Viqueque	Austronesian	Timor	azul
334	yellow	tetu1245-vique	Tetun Terik-Viqueque	Austronesian	Timor	kinur
335	sick; painful	tetu1245-vique	Tetun Terik-Viqueque	Austronesian	Timor	mɔras
336	shy; ashamed	tetu1245-vique	Tetun Terik-Viqueque	Austronesian	Timor	moe
337	thirsty	tetu1245-vique	Tetun Terik-Viqueque	Austronesian	Timor	ha'ro:
338	hungry	tetu1245-vique	Tetun Terik-Viqueque	Austronesian	Timor	habaha
339	blind	tetu1245-vique	Tetun Terik-Viqueque	Austronesian	Timor	mata at
340	deaf	tetu1245-vique	Tetun Terik-Viqueque	Austronesian	Timor	diuk
341	scared	tetu1245-vique	Tetun Terik-Viqueque	Austronesian	Timor	taɁuk
342	angry	tetu1245-vique	Tetun Terik-Viqueque	Austronesian	Timor	nawan 'saɁe
343	to see	tetu1245-vique	Tetun Terik-Viqueque	Austronesian	Timor	hare:
344	to hear	tetu1245-vique	Tetun Terik-Viqueque	Austronesian	Timor	rɔna
345	to smell	tetu1245-vique	Tetun Terik-Viqueque	Austronesian	Timor	hɔrɔn
346	to think	tetu1245-vique	Tetun Terik-Viqueque	Austronesian	Timor	ha'nɔjɪŋ
347	to know	tetu1245-vique	Tetun Terik-Viqueque	Austronesian	Timor	ha'tɛnɛ
348	to say	tetu1245-vique	Tetun Terik-Viqueque	Austronesian	Timor	ha'tɛtɛŋ
349	to speak	tetu1245-vique	Tetun Terik-Viqueque	Austronesian	Timor	dale
350	voice	tetu1245-vique	Tetun Terik-Viqueque	Austronesian	Timor	lian
351	language	tetu1245-vique	Tetun Terik-Viqueque	Austronesian	Timor	lian
352	to lie down	tetu1245-vique	Tetun Terik-Viqueque	Austronesian	Timor	tɔba ha'limak
353	to sleep	tetu1245-vique	Tetun Terik-Viqueque	Austronesian	Timor	tɔba
354	to wake up	tetu1245-vique	Tetun Terik-Viqueque	Austronesian	Timor	hader
355	to wake someone up	tetu1245-vique	Tetun Terik-Viqueque	Austronesian	Timor	fuɁa
356	to bathe	tetu1245-vique	Tetun Terik-Viqueque	Austronesian	Timor	ha'ri:s
357	to bathe (a child)	tetu1245-vique	Tetun Terik-Viqueque	Austronesian	Timor	fo ha'ri:s
358	to sit	tetu1245-vique	Tetun Terik-Viqueque	Austronesian	Timor	tu:r
359	to stand	tetu1245-vique	Tetun Terik-Viqueque	Austronesian	Timor	ha'ri:k
360	to walk	tetu1245-vique	Tetun Terik-Viqueque	Austronesian	Timor	laɁɔ (ajɪŋ)
361	to run	tetu1245-vique	Tetun Terik-Viqueque	Austronesian	Timor	halai
362	to go	tetu1245-vique	Tetun Terik-Viqueque	Austronesian	Timor	ba:
363	to swim	tetu1245-vique	Tetun Terik-Viqueque	Austronesian	Timor	nani
364	to fly	tetu1245-vique	Tetun Terik-Viqueque	Austronesian	Timor	semo
365	to fall (from above)	tetu1245-vique	Tetun Terik-Viqueque	Austronesian	Timor	monu
366	to fall over	tetu1245-vique	Tetun Terik-Viqueque	Austronesian	Timor	ta:
367	to drop	tetu1245-vique	Tetun Terik-Viqueque	Austronesian	Timor	nalo 'monu
368	to drink	tetu1245-vique	Tetun Terik-Viqueque	Austronesian	Timor	hemu
369	to eat	tetu1245-vique	Tetun Terik-Viqueque	Austronesian	Timor	ha:
370	to cook	tetu1245-vique	Tetun Terik-Viqueque	Austronesian	Timor	tɛɁɪŋ
371	to wash	tetu1245-vique	Tetun Terik-Viqueque	Austronesian	Timor	fasi
372	to sew	tetu1245-vique	Tetun Terik-Viqueque	Austronesian	Timor	suku
373	to live; be alive; living	tetu1245-vique	Tetun Terik-Viqueque	Austronesian	Timor	moris
374	to breathe	tetu1245-vique	Tetun Terik-Viqueque	Austronesian	Timor	nawan
375	to work	tetu1245-vique	Tetun Terik-Viqueque	Austronesian	Timor	se'risu
376	to die	tetu1245-vique	Tetun Terik-Viqueque	Austronesian	Timor	matɛ
377	to give	tetu1245-vique	Tetun Terik-Viqueque	Austronesian	Timor	fɔ
378	to wipe	tetu1245-vique	Tetun Terik-Viqueque	Austronesian	Timor	ha'moɁos
379	to come	tetu1245-vique	Tetun Terik-Viqueque	Austronesian	Timor	mai
380	to laugh	tetu1245-vique	Tetun Terik-Viqueque	Austronesian	Timor	hamnasa
381	to cry	tetu1245-vique	Tetun Terik-Viqueque	Austronesian	Timor	tanɪs
382	to dance	tetu1245-vique	Tetun Terik-Viqueque	Austronesian	Timor	bidu
383	to sing	tetu1245-vique	Tetun Terik-Viqueque	Austronesian	Timor	kanta
384	to burn (clear land)	tetu1245-vique	Tetun Terik-Viqueque	Austronesian	Timor	sunu'rai
385	to burn; to shine	tetu1245-vique	Tetun Terik-Viqueque	Austronesian	Timor	lakan
386	to shine	tetu1245-vique	Tetun Terik-Viqueque	Austronesian	Timor	lakan
387	to chew	tetu1245-vique	Tetun Terik-Viqueque	Austronesian	Timor	hak'na:n
388	to yawn	tetu1245-vique	Tetun Terik-Viqueque	Austronesian	Timor	ma:s
389	to suck	tetu1245-vique	Tetun Terik-Viqueque	Austronesian	Timor	dada is
390	to blow	tetu1245-vique	Tetun Terik-Viqueque	Austronesian	Timor	hu:
391	to spit	tetu1245-vique	Tetun Terik-Viqueque	Austronesian	Timor	kaba 'wɛn
392	to vomit	tetu1245-vique	Tetun Terik-Viqueque	Austronesian	Timor	'muta
393	to rub	tetu1245-vique	Tetun Terik-Viqueque	Austronesian	Timor	'dɔkɔ
394	to scratch	tetu1245-vique	Tetun Terik-Viqueque	Austronesian	Timor	'kɔɁi
395	itchy	tetu1245-vique	Tetun Terik-Viqueque	Austronesian	Timor	'katar
396	to swell	tetu1245-vique	Tetun Terik-Viqueque	Austronesian	Timor	'bubu
397	to hit	tetu1245-vique	Tetun Terik-Viqueque	Austronesian	Timor	'baku
398	to slap	tetu1245-vique	Tetun Terik-Viqueque	Austronesian	Timor	'basa
399	to bite	tetu1245-vique	Tetun Terik-Viqueque	Austronesian	Timor	'tata
400	to cut	tetu1245-vique	Tetun Terik-Viqueque	Austronesian	Timor	'kɔɁa
401	to cut down	tetu1245-vique	Tetun Terik-Viqueque	Austronesian	Timor	ta:
402	to split	tetu1245-vique	Tetun Terik-Viqueque	Austronesian	Timor	fɛra
403	to divide	tetu1245-vique	Tetun Terik-Viqueque	Austronesian	Timor	faɁe
404	to stab	tetu1245-vique	Tetun Terik-Viqueque	Austronesian	Timor	tu: nosi'kɔtuk
405	to skewer	tetu1245-vique	Tetun Terik-Viqueque	Austronesian	Timor	tu:
406	to fight	tetu1245-vique	Tetun Terik-Viqueque	Austronesian	Timor	tuku
407	to guard	tetu1245-vique	Tetun Terik-Viqueque	Austronesian	Timor	ha'ka:t
408	to throw	tetu1245-vique	Tetun Terik-Viqueque	Austronesian	Timor	'daka
409	to hunt	tetu1245-vique	Tetun Terik-Viqueque	Austronesian	Timor	'tuda
410	to kill	tetu1245-vique	Tetun Terik-Viqueque	Austronesian	Timor	funu
411	to chase away	tetu1245-vique	Tetun Terik-Viqueque	Austronesian	Timor	habua 'tuir
413	to search for; to hunt for	tetu1245-vique	Tetun Terik-Viqueque	Austronesian	Timor	buka
414	to dig	tetu1245-vique	Tetun Terik-Viqueque	Austronesian	Timor	keɁe
415	to bury	tetu1245-vique	Tetun Terik-Viqueque	Austronesian	Timor	hakɔi
416	to flow	tetu1245-vique	Tetun Terik-Viqueque	Austronesian	Timor	suli
417	to float	tetu1245-vique	Tetun Terik-Viqueque	Austronesian	Timor	na'lɪhuŋ
418	to freeze	tetu1245-vique	Tetun Terik-Viqueque	Austronesian	Timor	sai'fatuk
419	to hold	tetu1245-vique	Tetun Terik-Viqueque	Austronesian	Timor	'kaɛr
420	to tie	tetu1245-vique	Tetun Terik-Viqueque	Austronesian	Timor	'kɛsi
421	to play	tetu1245-vique	Tetun Terik-Viqueque	Austronesian	Timor	ha'lɪmar
422	to pull	tetu1245-vique	Tetun Terik-Viqueque	Austronesian	Timor	'dada
423	to push	tetu1245-vique	Tetun Terik-Viqueque	Austronesian	Timor	'dudu
424	to turn	tetu1245-vique	Tetun Terik-Viqueque	Austronesian	Timor	'sɛ:s
425	to dream	tetu1245-vique	Tetun Terik-Viqueque	Austronesian	Timor	'mɛhi
426	to crouch; to bend over	tetu1245-vique	Tetun Terik-Viqueque	Austronesian	Timor	ha'tuɁu
427	to live; to stay	tetu1245-vique	Tetun Terik-Viqueque	Austronesian	Timor	'hɛla
428	to choose	tetu1245-vique	Tetun Terik-Viqueque	Austronesian	Timor	'hili
429	to grow	tetu1245-vique	Tetun Terik-Viqueque	Austronesian	Timor	'mɔris
430	to squeeze	tetu1245-vique	Tetun Terik-Viqueque	Austronesian	Timor	'kumu
431	to buy	tetu1245-vique	Tetun Terik-Viqueque	Austronesian	Timor	'sosa
432	to sell	tetu1245-vique	Tetun Terik-Viqueque	Austronesian	Timor	'faɁen
433	to steal	tetu1245-vique	Tetun Terik-Viqueque	Austronesian	Timor	naɁɔk
434	to open	tetu1245-vique	Tetun Terik-Viqueque	Austronesian	Timor	'lɔke
435	to close	tetu1245-vique	Tetun Terik-Viqueque	Austronesian	Timor	'taka
436	to climb	tetu1245-vique	Tetun Terik-Viqueque	Austronesian	Timor	'saɁe
437	to hide	tetu1245-vique	Tetun Terik-Viqueque	Austronesian	Timor	'subar, hak'sumin
438	to wait	tetu1245-vique	Tetun Terik-Viqueque	Austronesian	Timor	'hein
439	to fold	tetu1245-vique	Tetun Terik-Viqueque	Austronesian	Timor	'hikar, hias
440	to help	tetu1245-vique	Tetun Terik-Viqueque	Austronesian	Timor	'tulun
441	to bark	tetu1245-vique	Tetun Terik-Viqueque	Austronesian	Timor	natenu
442	to shoot	tetu1245-vique	Tetun Terik-Viqueque	Austronesian	Timor	'tɪru
443	to shoot with slingshot	tetu1245-vique	Tetun Terik-Viqueque	Austronesian	Timor	tiru nodi karet ai
444	to pound; to beat	tetu1245-vique	Tetun Terik-Viqueque	Austronesian	Timor	fai
445	to hit (drum)	tetu1245-vique	Tetun Terik-Viqueque	Austronesian	Timor	dɛrɛ
446	to call out	tetu1245-vique	Tetun Terik-Viqueque	Austronesian	Timor	ha'kilar
447	to lie (tell untruth)	tetu1245-vique	Tetun Terik-Viqueque	Austronesian	Timor	'bosok
448	to ask (question)	tetu1245-vique	Tetun Terik-Viqueque	Austronesian	Timor	'husu
449	to count	tetu1245-vique	Tetun Terik-Viqueque	Austronesian	Timor	sura
450	one	tetu1245-vique	Tetun Terik-Viqueque	Austronesian	Timor	'ida
451	two	tetu1245-vique	Tetun Terik-Viqueque	Austronesian	Timor	rua
452	three	tetu1245-vique	Tetun Terik-Viqueque	Austronesian	Timor	tɔlu
453	four	tetu1245-vique	Tetun Terik-Viqueque	Austronesian	Timor	ha:t
454	five	tetu1245-vique	Tetun Terik-Viqueque	Austronesian	Timor	lɪma
455	six	tetu1245-vique	Tetun Terik-Viqueque	Austronesian	Timor	nɛ:ŋ
456	seven	tetu1245-vique	Tetun Terik-Viqueque	Austronesian	Timor	hɪtu
457	eight	tetu1245-vique	Tetun Terik-Viqueque	Austronesian	Timor	walu
458	nine	tetu1245-vique	Tetun Terik-Viqueque	Austronesian	Timor	sɪja
459	ten	tetu1245-vique	Tetun Terik-Viqueque	Austronesian	Timor	sanulu
460	eleven	tetu1245-vique	Tetun Terik-Viqueque	Austronesian	Timor	sanulu resin ida
461	twelve	tetu1245-vique	Tetun Terik-Viqueque	Austronesian	Timor	sanulu resin rua
462	thirteen	tetu1245-vique	Tetun Terik-Viqueque	Austronesian	Timor	sanulu resin tolu
463	fourteen	tetu1245-vique	Tetun Terik-Viqueque	Austronesian	Timor	sanulu resin ha:t
464	fifteen	tetu1245-vique	Tetun Terik-Viqueque	Austronesian	Timor	sanulu resin lima
465	sixteen	tetu1245-vique	Tetun Terik-Viqueque	Austronesian	Timor	sanulu resin nɛ:n
466	seventeen	tetu1245-vique	Tetun Terik-Viqueque	Austronesian	Timor	sanulu resin hitu
467	eighteen	tetu1245-vique	Tetun Terik-Viqueque	Austronesian	Timor	sanulu resin walu
468	nineteen	tetu1245-vique	Tetun Terik-Viqueque	Austronesian	Timor	sanulu resin siwi
469	twenty	tetu1245-vique	Tetun Terik-Viqueque	Austronesian	Timor	rua nulu
470	twenty one	tetu1245-vique	Tetun Terik-Viqueque	Austronesian	Timor	rua nulu resin ida
471	twenty two	tetu1245-vique	Tetun Terik-Viqueque	Austronesian	Timor	rua nulu resin rua
472	twenty three	tetu1245-vique	Tetun Terik-Viqueque	Austronesian	Timor	rua nulu resin tolu
473	twenty four	tetu1245-vique	Tetun Terik-Viqueque	Austronesian	Timor	rua nulu resin ha:t
474	twenty five	tetu1245-vique	Tetun Terik-Viqueque	Austronesian	Timor	rua nulu resin lima
475	thirty	tetu1245-vique	Tetun Terik-Viqueque	Austronesian	Timor	tɔlu nulu
476	forty	tetu1245-vique	Tetun Terik-Viqueque	Austronesian	Timor	ha:t nulu
477	fifty	tetu1245-vique	Tetun Terik-Viqueque	Austronesian	Timor	lima nulu
478	sixty	tetu1245-vique	Tetun Terik-Viqueque	Austronesian	Timor	ne:n nulu
479	seventy	tetu1245-vique	Tetun Terik-Viqueque	Austronesian	Timor	hitu nulu
480	eighty	tetu1245-vique	Tetun Terik-Viqueque	Austronesian	Timor	walu nulu
481	ninety	tetu1245-vique	Tetun Terik-Viqueque	Austronesian	Timor	siwi nulu
482	one hundred	tetu1245-vique	Tetun Terik-Viqueque	Austronesian	Timor	atus ida
483	one hundred and twenty three	tetu1245-vique	Tetun Terik-Viqueque	Austronesian	Timor	atus ida rua nulu resin tolu
484	two hundred	tetu1245-vique	Tetun Terik-Viqueque	Austronesian	Timor	atus rua
485	thousand	tetu1245-vique	Tetun Terik-Viqueque	Austronesian	Timor	rihun ida
486	one hundred thousand	tetu1245-vique	Tetun Terik-Viqueque	Austronesian	Timor	rihun atus ida
487	grandmother	tetu1245-vique	Tetun Terik-Viqueque	Austronesian	Timor	bei 'fɛto
488	grandfather	tetu1245-vique	Tetun Terik-Viqueque	Austronesian	Timor	bei 'mane
489	grandchild	tetu1245-vique	Tetun Terik-Viqueque	Austronesian	Timor	bei 'uan
490	mother's brother	tetu1245-vique	Tetun Terik-Viqueque	Austronesian	Timor	nai 'tua
491	nephew; niece	tetu1245-vique	Tetun Terik-Viqueque	Austronesian	Timor	feton 'oan, na:n 'oan
492	older brother	tetu1245-vique	Tetun Terik-Viqueque	Austronesian	Timor	mau 'boɁot
493	older sister	tetu1245-vique	Tetun Terik-Viqueque	Austronesian	Timor	bi 'boɁot
494	sister	tetu1245-vique	Tetun Terik-Viqueque	Austronesian	Timor	bi:
495	woman's cross-cousin	tetu1245-vique	Tetun Terik-Viqueque	Austronesian	Timor	feto 'malun
496	woman's younger sister	tetu1245-vique	Tetun Terik-Viqueque	Austronesian	Timor	ali 'fɛto
497	younger brother	tetu1245-vique	Tetun Terik-Viqueque	Austronesian	Timor	ali 'mane
498	brother	tetu1245-vique	Tetun Terik-Viqueque	Austronesian	Timor	mau
499	brother-in-law	tetu1245-vique	Tetun Terik-Viqueque	Austronesian	Timor	naɁi
500	cross-cousin	tetu1245-vique	Tetun Terik-Viqueque	Austronesian	Timor	tua'naŋga
501	father's sister	tetu1245-vique	Tetun Terik-Viqueque	Austronesian	Timor	baba
502	ridge(pole); peak; tip	tetu1245-vique	Tetun Terik-Viqueque	Austronesian	Timor	uma 'lalatan
503	rack(above hearth/for storing food)	tetu1245-vique	Tetun Terik-Viqueque	Austronesian	Timor	bɪkaŋ fatɪŋ
504	broom; sweep	tetu1245-vique	Tetun Terik-Viqueque	Austronesian	Timor	kna:r
505	ground for ritual activities and public meetings	tetu1245-vique	Tetun Terik-Viqueque	Austronesian	Timor	uma 'fukun
506	mound of stones for ritual activities	tetu1245-vique	Tetun Terik-Viqueque	Austronesian	Timor	fatuk 'lulik
507	meeting house	tetu1245-vique	Tetun Terik-Viqueque	Austronesian	Timor	uma aldea
508	floor	tetu1245-vique	Tetun Terik-Viqueque	Austronesian	Timor	labis
509	wall	tetu1245-vique	Tetun Terik-Viqueque	Austronesian	Timor	ka'didir
510	window	tetu1245-vique	Tetun Terik-Viqueque	Austronesian	Timor	ja'nela
511	cookhouse; kitchen	tetu1245-vique	Tetun Terik-Viqueque	Austronesian	Timor	ahi 'matak
512	bed	tetu1245-vique	Tetun Terik-Viqueque	Austronesian	Timor	kwartu
513	chair	tetu1245-vique	Tetun Terik-Viqueque	Austronesian	Timor	ka'deira
514	lamp	tetu1245-vique	Tetun Terik-Viqueque	Austronesian	Timor	ahi
515	candle	tetu1245-vique	Tetun Terik-Viqueque	Austronesian	Timor	lɪlɪŋ
516	to weave	tetu1245-vique	Tetun Terik-Viqueque	Austronesian	Timor	sɔru
517	shirt	tetu1245-vique	Tetun Terik-Viqueque	Austronesian	Timor	faru
518	necklace	tetu1245-vique	Tetun Terik-Viqueque	Austronesian	Timor	ko'renti, mortɛn
519	earring	tetu1245-vique	Tetun Terik-Viqueque	Austronesian	Timor	ka'rabu
520	trousers	tetu1245-vique	Tetun Terik-Viqueque	Austronesian	Timor	faru ain 'naruk
521	sarong (women)	tetu1245-vique	Tetun Terik-Viqueque	Austronesian	Timor	kam'batik, lɪpa
522	loom	tetu1245-vique	Tetun Terik-Viqueque	Austronesian	Timor	ka'nɔru
523	thread	tetu1245-vique	Tetun Terik-Viqueque	Austronesian	Timor	'kabas
524	to worship	tetu1245-vique	Tetun Terik-Viqueque	Austronesian	Timor	ha'mulak
525	holy	tetu1245-vique	Tetun Terik-Viqueque	Austronesian	Timor	'santo
526	to bless	tetu1245-vique	Tetun Terik-Viqueque	Austronesian	Timor	'bɛnsa
527	God	tetu1245-vique	Tetun Terik-Viqueque	Austronesian	Timor	nai ma'romak
528	to pray	tetu1245-vique	Tetun Terik-Viqueque	Austronesian	Timor	ha'mulak, rɛza
529	church	tetu1245-vique	Tetun Terik-Viqueque	Austronesian	Timor	uma 'kreda
530	mosque	tetu1245-vique	Tetun Terik-Viqueque	Austronesian	Timor	islam sia uma 'kreda
531	to curse	tetu1245-vique	Tetun Terik-Viqueque	Austronesian	Timor	diɁan
532	priest (modern)	tetu1245-vique	Tetun Terik-Viqueque	Austronesian	Timor	naɁi lulik, padre
533	sorcerer; witch	tetu1245-vique	Tetun Terik-Viqueque	Austronesian	Timor	buan
534	initiation ceremony	tetu1245-vique	Tetun Terik-Viqueque	Austronesian	Timor	tur mɔtu
535	sermon	tetu1245-vique	Tetun Terik-Viqueque	Austronesian	Timor	ɔmili
536	sacrifice	tetu1245-vique	Tetun Terik-Viqueque	Austronesian	Timor	hasae (animal)
537	clan	tetu1245-vique	Tetun Terik-Viqueque	Austronesian	Timor	leo, suku
538	chieftain	tetu1245-vique	Tetun Terik-Viqueque	Austronesian	Timor	ama adat
539	to rule or govern	tetu1245-vique	Tetun Terik-Viqueque	Austronesian	Timor	haruka
540	treaty	tetu1245-vique	Tetun Terik-Viqueque	Austronesian	Timor	dura
541	marriage	tetu1245-vique	Tetun Terik-Viqueque	Austronesian	Timor	kabɛŋ
542	friend	tetu1245-vique	Tetun Terik-Viqueque	Austronesian	Timor	'kmaluk, belu
543	enemy	tetu1245-vique	Tetun Terik-Viqueque	Austronesian	Timor	a:t malu
544	king; ruler	tetu1245-vique	Tetun Terik-Viqueque	Austronesian	Timor	liurai, dato
545	stranger	tetu1245-vique	Tetun Terik-Viqueque	Austronesian	Timor	ɛma matak, ema liur
546	to invite	tetu1245-vique	Tetun Terik-Viqueque	Austronesian	Timor	ha'liku
547	to command or order	tetu1245-vique	Tetun Terik-Viqueque	Austronesian	Timor	ha'ruka
548	dowry	tetu1245-vique	Tetun Terik-Viqueque	Austronesian	Timor	ha'tama ta'nasak
549	the judge	tetu1245-vique	Tetun Terik-Viqueque	Austronesian	Timor	lia 'naɁin
550	accuse	tetu1245-vique	Tetun Terik-Viqueque	Austronesian	Timor	duɁu
551	guilty	tetu1245-vique	Tetun Terik-Viqueque	Austronesian	Timor	sa:la
552	innocent	tetu1245-vique	Tetun Terik-Viqueque	Austronesian	Timor	la 'sa:la
553	the murder	tetu1245-vique	Tetun Terik-Viqueque	Austronesian	Timor	ɔ:hɔ
554	the adultery	tetu1245-vique	Tetun Terik-Viqueque	Austronesian	Timor	sala tan 'malu
555	penalty	tetu1245-vique	Tetun Terik-Viqueque	Austronesian	Timor	'ɔdi
556	fishnet	tetu1245-vique	Tetun Terik-Viqueque	Austronesian	Timor	'klahat
557	to surrender	tetu1245-vique	Tetun Terik-Viqueque	Austronesian	Timor	hit 'liman
558	to defend	tetu1245-vique	Tetun Terik-Viqueque	Austronesian	Timor	nɔsi, kaɛr
559	the war or battle	tetu1245-vique	Tetun Terik-Viqueque	Austronesian	Timor	funu
560	poor	tetu1245-vique	Tetun Terik-Viqueque	Austronesian	Timor	kiak
561	rich	tetu1245-vique	Tetun Terik-Viqueque	Austronesian	Timor	riku
562	money	tetu1245-vique	Tetun Terik-Viqueque	Austronesian	Timor	ɔsaŋ
563	market	tetu1245-vique	Tetun Terik-Viqueque	Austronesian	Timor	bazar
564	price	tetu1245-vique	Tetun Terik-Viqueque	Austronesian	Timor	fɔ:lɪŋ
565	to own	tetu1245-vique	Tetun Terik-Viqueque	Austronesian	Timor	itak
566	to borrow	tetu1245-vique	Tetun Terik-Viqueque	Austronesian	Timor	foti
567	to trade or barter	tetu1245-vique	Tetun Terik-Viqueque	Austronesian	Timor	faɁen
568	expensive	tetu1245-vique	Tetun Terik-Viqueque	Austronesian	Timor	ka:ruŋ
569	cheap	tetu1245-vique	Tetun Terik-Viqueque	Austronesian	Timor	ba'ratu
570	to grasp	tetu1245-vique	Tetun Terik-Viqueque	Austronesian	Timor	kaer
571	to let go	tetu1245-vique	Tetun Terik-Viqueque	Austronesian	Timor	ha'busik
572	to promise	tetu1245-vique	Tetun Terik-Viqueque	Austronesian	Timor	pro'mete, nalo 'tuir, lɪjaŋ
573	word	tetu1245-vique	Tetun Terik-Viqueque	Austronesian	Timor	lia 'fuan, lɪjaŋ
574	to answer	tetu1245-vique	Tetun Terik-Viqueque	Austronesian	Timor	la'hoɁi
575	to refuse	tetu1245-vique	Tetun Terik-Viqueque	Austronesian	Timor	ha'ma:s
576	to whisper	tetu1245-vique	Tetun Terik-Viqueque	Austronesian	Timor	bisu'bisu
577	to be silent	tetu1245-vique	Tetun Terik-Viqueque	Austronesian	Timor	no'nɔ:k
578	to tell	tetu1245-vique	Tetun Terik-Viqueque	Austronesian	Timor	dale 'lia
579	to learn	tetu1245-vique	Tetun Terik-Viqueque	Austronesian	Timor	is'tuda
580	to teach	tetu1245-vique	Tetun Terik-Viqueque	Austronesian	Timor	ha'norin
581	easy	tetu1245-vique	Tetun Terik-Viqueque	Austronesian	Timor	fasɪl, nalo lalais dei
582	difficult	tetu1245-vique	Tetun Terik-Viqueque	Austronesian	Timor	de'fisil, nalo kleur
583	finished	tetu1245-vique	Tetun Terik-Viqueque	Austronesian	Timor	hotu 'tiɁan, na:has
584	now	tetu1245-vique	Tetun Terik-Viqueque	Austronesian	Timor	oras ne:
585	hour	tetu1245-vique	Tetun Terik-Viqueque	Austronesian	Timor	ɔras, tuku
586	same	tetu1245-vique	Tetun Terik-Viqueque	Austronesian	Timor	ha'nɛ:san
587	oven/cooking place	tetu1245-vique	Tetun Terik-Viqueque	Austronesian	Timor	no data
588	flower (in e.g. mangga tree)	tetu1245-vique	Tetun Terik-Viqueque	Austronesian	Timor	funan nosi ai
589	vein	tetu1245-vique	Tetun Terik-Viqueque	Austronesian	Timor	uat
590	long (stick)	tetu1245-vique	Tetun Terik-Viqueque	Austronesian	Timor	(ai) naruk
591	tall (person)	tetu1245-vique	Tetun Terik-Viqueque	Austronesian	Timor	(ema) naruk
592	short (stick)	tetu1245-vique	Tetun Terik-Viqueque	Austronesian	Timor	(ai) badak
593	narrow (road)	tetu1245-vique	Tetun Terik-Viqueque	Austronesian	Timor	klɔ:t
598	to chase away; to eject	tetu1245-vique	Tetun Terik-Viqueque	Austronesian	Timor	teɁur
